Part,Chapter,Section,Paragraph,Update Status,Title,Links to MPEP,Links to 35USC,Links to 37CFR,Links to Cases and Actions
MPEP,0500,501,,,Filing Papers With the U.S. Patent and Trademark Office [R-07.2015],,,,
MPEP,0500,501(I),,,GENERAL MAILING ADDRESSES,,,,
MPEP,0500,501(I),p1,,,,,,
MPEP,0500,501(I)(A),,,For Patent Applications and Patent-Related Papers,,,,
MPEP,0500,501(I)(A),p1,,,,,,
MPEP,0500,501(I)(A),p2,,,,,,
MPEP,0500,501(I)(A),p3,,,,,,
MPEP,0500,501(I)(A),p4,,,,,,
MPEP,0500,501(I)(A),p5,,,,,,
MPEP,0500,501(I)(A),p6,,,,,,
MPEP,0500,501(I)(B),,,For Trademark Applications and Trademark-Related Papers,,,,
MPEP,0500,501(I)(B),p1,,,,,,
MPEP,0500,501(I)(B),p2,,,,,,
MPEP,0500,501(I)(B),p3,,,,,,
MPEP,0500,501(I)(B),p4,,,,,,
MPEP,0500,501(I)(B),p5,,,,,,
MPEP,0500,501(I)(B),p6,,,,,,
MPEP,0500,501(I)(B),p7,,,,,,
MPEP,0500,501(I)(B),p8,,,,,,
MPEP,0500,501(I)(B),p9,,,,,,
MPEP,0500,501(I)(B),p10,,,,,,
MPEP,0500,501(I)(C),,,For Other Correspondence,,,,
MPEP,0500,501(I)(C),p1,,,,,37 CFR 1.1; ,
MPEP,0500,501(I)(C),p2,,,,,,
MPEP,0500,501(I)(C),p3,,,,,,
MPEP,0500,501(I)(C),p4,,,,,,
MPEP,0500,501(II),,,SEPARATE MAILING ADDRESSES FOR CERTAIN CORRESPONDENCE,,,,
MPEP,0500,501(II),p1,,,,,,
MPEP,0500,501(III),,,HAND-DELIVERY OF PAPERS,,,,
MPEP,0500,501(III),p1,,,,,,
MPEP,0500,501(III),p2,,,,,,
MPEP,0500,501(III),p3,,,,,,
MPEP,0500,501(III),p4,,,,,,
MPEP,0500,501(III),p5,,,,,,
MPEP,0500,501(III),p6,,,,,,
MPEP,0500,501(III),p7,,,,,,
MPEP,0500,501(III),p8,,,,,37 CFR 1.4(c); ,
MPEP,0500,501,,,.01.01 Separate Paper Required,,,,
MPEP,0500,502,,,Depositing Correspondence [R-07.2015],,,,
MPEP,0500,502,,,.01 Proper Heading for Incoming Papers,,,,
MPEP,0500,502(I),,,PRIORITY MAIL EXPRESS® (FORMERLY EXPRESS MAIL) SERVICE,,,,
MPEP,0500,502(I),p1,,,,,,
MPEP,0500,502(I),p2,,,,,37 CFR 1.1; ,
MPEP,0500,502(I),p3,,,,,,
MPEP,0500,502(I),p4,,,,,37 CFR 1.10; ,
MPEP,0500,502(II),,,POST ALLOWANCE CORRESPONDENCE,,,,
MPEP,0500,502(II),p1,,,,,37 CFR 1.313(c); ,
MPEP,0500,502(II),p2,,,,,,
MPEP,0500,502(II),p3,,,,,,
MPEP,0500,502(II),p4,,,,,,
MPEP,0500,502(III),,,HAND-DELIVERY OF PAPERS,,,,
MPEP,0500,502(III),p1,,,,35 U.S.C. 181; ,,
MPEP,0500,,p1,,,,,,
MPEP,0500,502.01,,,Correspondence Transmitted by Facsimile [R-07.2015],,,,
MPEP,0500,502.01(I),,,CENTRALIZED FACSIMILE NUMBER FOR OFFICIAL PATENT APPLICATION RELATED CORRESPONDENCE,,,,
MPEP,0500,502.01(I),p1,,,,,,
MPEP,0500,502.01(I)(A),,,Central Number,,,,
MPEP,0500,502.01(I)(A),p1,,,,,,
MPEP,0500,502.01(I)(B),,,Correspondence Which May Be Sent by Facsimile to Other Than the Central Facsimile Number,,,,
MPEP,0500,502.01(I)(B),p1,,,,,,
MPEP,0500,502.01(II),,,CORRESPONDENCE RELATIVE TO PATENTS AND PATENT APPLICATIONS WHERE FILING BY FACSIMILE TRANSMISSION IS NOT PERMITTED,,,,
MPEP,0500,502.01(II),p1,,,,,37 CFR 1.6(d); ,
MPEP,0500,502.02,,,Correspondence Signature Requirements [R-07.2015],,,,
MPEP,0500,502.02(I),,,HANDWRITTEN SIGNATURE,,,,
MPEP,0500,502.02(I),p1,,,,,37 CFR 1.4(e); 37 CFR 1.63; ,
MPEP,0500,502.02(I),p2,,,,,37 CFR 1.4(d)(1); 37 CFR 1.4(e); 37 CFR 1.4(d)(1); 37 CFR 1.4(d)(2); 37 CFR 1.4(d)(1)(i); 37 CFR 1.4(d)(3); ,
MPEP,0500,502.02(II),,,S-SIGNATURE,,,,
MPEP,0500,502.02(II),p1,,,,,37 CFR 1.4(d)(2); 37 CFR 1.4(d)(1); 37 CFR 1.6(d); 37 CFR 1.6(a)(4); 37 CFR 1.4(e); ,
MPEP,0500,502.02(II),p2,,,,,37 CFR 1.4(d)(2)(i); ,
MPEP,0500,502.02(II),p3,,,,,,
MPEP,0500,502.02(II),p4,,,,,37 CFR 1.52(b)(2); ,
MPEP,0500,502.02(II),p5,,,,,37 CFR 1.4(d)(2)(i); ,
MPEP,0500,502.02(II),p6,,,,,,
MPEP,0500,502.02(II),p7,,,,,,
MPEP,0500,502.02(II),p8,,,,,37 CFR 1.4(d)(2); 37 CFR 1.32(a)(1); 37 CFR 1.33(b)(1); 37 CFR 1.42; 37 CFR 1.33(b)(3); 37 CFR 1.41; ,
MPEP,0500,502.02(II),p9,,,,,37 CFR 1.4(d)(2); 37 CFR 1.52(a)(1); 37 CFR 1.4(d)(3); ,
MPEP,0500,502.02(III),,,CERTIFICATIONS,,,,
MPEP,0500,502.02(III),p1,,,,,37 CFR 1.4(d)(4)(i); ,
MPEP,0500,502.02(III),p2,,,,,37 CFR 1.4(d)(4); 37 CFR 1.4(d)(2); 37 CFR 1.4(d)(3); 37 CFR 1.63; ,
MPEP,0500,502.02(III),p3,,,,,37 CFR 1.4(d)(4); 37 CFR 1.4(d)(2); 37 CFR 1.4(d)(3); ,
MPEP,0500,502.02(III),p4,,,,,37 CFR 1.4(d)(4); ,
MPEP,0500,502.02(IV),,,"RATIFICATION, CONFIRMATION, OR EVIDENCE OF AUTHENTICITY",,,,
MPEP,0500,502.02(IV),p1,,,,,37 CFR 1.4(h); ,
MPEP,0500,502.02(IV),p2,,,,,,
MPEP,0500,502.02(IV),p3,,,,,37 CFR 1.48(f); ,
MPEP,0500,502.02(IV),p4,,,,,,
MPEP,0500,502.02(IV),p5,,,,,37 CFR 1.63; ,
MPEP,0500,502.02(IV),p6,,,,,,
MPEP,0500,502.02(IV),p7,,,,,,
MPEP,0500,502.02(V),,,CERTIFICATION OF DOCUMENTS PROVIDED FOR BY STATUTE,,,,
MPEP,0500,502.02(V),p1,,,,35 U.S.C. 119; 35 U.S.C. 365; 35 U.S.C. 111(a); ,37 CFR 1.55; 37 CFR 1.55(h); 37 CFR 1.8; ,
MPEP,0500,502.03,,,Communications via Internet Electronic Mail (email) [R-07.2015],,,,
MPEP,0500,502.03(I),,,CONFIDENTIALITY OF PROPRIETARY INFORMATION (ARTICLE 4),,,,
MPEP,0500,502.03(I),p1,,,,,,
MPEP,0500,502.03(I),p2,,,,35 U.S.C. 122; ,,
MPEP,0500,502.03(I),p3,,,,,,
MPEP,0500,502.03(II),,,COMMUNICATIONS VIA THE INTERNET AND AUTHORIZATION (ARTICLE 5),,,,
MPEP,0500,502.03(II),p1,,,,,,
MPEP,0500,502.03(II),p2,,,,35 U.S.C. 122; ,,
MPEP,0500,502.03(II),p3,,,,,,
MPEP,0500,502.03(II),p4,,,,,37 CFR 1.33; 37 CFR 1.34; ,
MPEP,0500,502.03(II),p5,,,,,,
MPEP,0500,502.03(II),p6,,,,,37 CFR 1.33; 37 CFR 1.34; ,
MPEP,0500,502.03(II),p7,,,,35 U.S.C. 132; ,,
MPEP,0500,502.03(II),p8,,,,,,
MPEP,0500,502.03(II),p9,,,,,,
MPEP,0500,502.03(II),p10,,,,,37 CFR 1.11(a); 37 CFR 1.11(d); ,
MPEP,0500,502.03(III),,,AUTHENTICATION OF SENDER BY A PATENT ORGANIZATION RECIPIENT (ARTICLE 6),,,,
MPEP,0500,502.03(III),p1,,,,,,
MPEP,0500,502.03(III),p2,,,,,37 CFR 1.34; ,
MPEP,0500,502.03(III),p3,,,,,,
MPEP,0500,502.03(IV),,,USE OF ELECTRONIC MAIL SERVICES (ARTICLE 7),,,,
MPEP,0500,502.03(IV),p1,,,,,,
MPEP,0500,502.03(V),,,INTERVIEWS (ARTICLE 8),,,,
MPEP,0500,502.03(V),p1,,,,,,
MPEP,0500,502.03(V),p2,,,,,,
MPEP,0500,502.03(V),p3,,,,,,
MPEP,0500,502.03(VI),,,POLICY GUIDANCE AND CLARIFICATIONS (ARTICLE 13),,,,
MPEP,0500,502.03(VI),p1,,,,,,
MPEP,0500,502.04,,,Duplicate Copies of Correspondence [R-08.2012],,,,
MPEP,0500,502.05,,,Correspondence Transmitted by EFS-Web [R-07.2015],,,,
MPEP,0500,502.05(I),,,LEGAL FRAMEWORK FOR EFS-WEB,,,,
MPEP,0500,502.05(I),p1,,,,,,
MPEP,0500,502.05(I)(A),,,General Information on EFS-Web,,,,
MPEP,0500,502.05(I)(A),p1,,,,,,
MPEP,0500,502.05(I)(A),p2,,,,,,
MPEP,0500,502.05(I)(B),,,Legal and Document Policies,,,,
MPEP,0500,502.05(I)(B),p1,,,,,,
MPEP,0500,502.05(I)(B)(1),,,Types of Patent Applications and Documents Permitted to be Filed via EFS-Web,,,,
MPEP,0500,502.05(I)(B)(1),p1,,,,,,
MPEP,0500,502.05(I)(B)(1)(a),,,Filings Permitted by Registered and Non-registered Users,,,,
MPEP,0500,502.05(I)(B)(1)(a),p1,,,,,,
MPEP,0500,502.05(I)(B)(1)(b),,,Filing of Follow-on Documents,,,,
MPEP,0500,502.05(I)(B)(1)(b),p1,,,,,37 CFR 1.34; ,
MPEP,0500,502.05(I)(B)(1)(b),p2,,,,35 U.S.C. 156; ,37 CFR 1.215(c); 37 CFR 1.217; 37 CFR 1.219; 37 CFR 1.221(a); ,
MPEP,0500,502.05(I)(B)(1)(b),p3,,,,,37 CFR 1.8; 37 CFR 1.10; ,
MPEP,0500,502.05(I)(B)(1)(b),p4,,,,,37 CFR 1.33(b); 37 CFR 1.4; 37 CFR 1.5; ,
MPEP,0500,502.05(I)(B)(2),,,Types of Patent Applications and Documents Not Permitted to be Filed via EFS-Web,,,,
MPEP,0500,502.05(I)(B)(2),p1,,,,,,
MPEP,0500,502.05(I)(B)(3),,,Papers That May Be Filed and Processed Electronically,,,,
MPEP,0500,502.05(I)(B)(3),p1,,,,,,
MPEP,0500,502.05(I)(B)(3),p2,,,,,,
MPEP,0500,502.05(I)(B)(4),,,The Official Record of Documents Submitted via EFS-Web,,,,
MPEP,0500,502.05(I)(B)(4),p1,,,,,,
MPEP,0500,502.05(I)(B)(5),,,How is internally inconsistent information submitted via EFS-Web treated?,,,,
MPEP,0500,502.05(I)(B)(5),p1,,,,35 U.S.C. 111(a); 35 U.S.C. 371; ,,
MPEP,0500,502.05(I)(B)(5),p2,,,,,37 CFR 1.495(g); 37 CFR 1.182; 37 CFR 1.41; ,
MPEP,0500,502.05(I)(B)(6),,,Application Size Fee for Applications Submitted via EFS-Web,,,,
MPEP,0500,502.05(I)(B)(6),p1,,,,35 U.S.C. 111; ,37 CFR 1.16(s); 37 CFR 1.53(f)(2); 37 CFR 1.52(f)(2); ,
MPEP,0500,502.05(I)(B)(6),p2,,,,,37 CFR 1.821(c); 37 CFR 1.96; 37 CFR 1.16(s); 37 CFR 1.52(f)(2); ,
MPEP,0500,502.05(I)(B)(7),,,Fee Payments Submitted via EFS-Web,,,,
MPEP,0500,502.05(I)(B)(7),p1,,,,,37 CFR 1.290; ,
MPEP,0500,502.05(I)(B)(7),p2,,,,35 U.S.C. 371; ,37 CFR 1.10; ,
MPEP,0500,502.05(I)(B)(7),p3,,,,,,
MPEP,0500,502.05(I)(B)(7),p4,,,,,,
MPEP,0500,502.05(I)(C),,,Electronic Acknowledgement Receipt and Date Of Receipt,,,,
MPEP,0500,502.05(I)(C),p1,,,,,,
MPEP,0500,502.05(I)(C),p2,,,,35 U.S.C. 111; 35 U.S.C. 371; ,37 CFR 1.54; ,
MPEP,0500,502.05(I)(C),p3,,,,,37 CFR 1.53(e); 37 CFR 1.182; 37 CFR 1.17(f); ,
MPEP,0500,502.05(I)(C),p4,,,,,,
MPEP,0500,502.05(I)(C)(1),,,The Date of Receipt of a Follow-on Document Submitted via EFS-Web,,,,
MPEP,0500,502.05(I)(C)(1),p1,,,,,37 CFR 1.6(a)(4); ,
MPEP,0500,502.05(I)(C)(1),p2,,,,,37 CFR 1.8(a); ,
MPEP,0500,502.05(I)(C)(2),,,The Date of Receipt of an Application Submitted via EFS-Web,,,,
MPEP,0500,502.05(I)(C)(2),p1,,,,,37 CFR 1.6(a)(4); 37 CFR 1.8; ,
MPEP,0500,502.05(I)(C)(2),p2,,,,,,
MPEP,0500,502.05(I)(C)(2),p3,,,,,37 CFR 1.10; ,
MPEP,0500,502.05(I)(C)(3),,,EFS-Web Availability,,,,
MPEP,0500,502.05(I)(C)(3),p1,,,,,,
MPEP,0500,502.05(I)(C)(3),p2,,,,,37 CFR 1.10; 37 CFR 1.53; 37 CFR 1.6(d)(3); 37 CFR 1.8(a)(2)(i)(A); ,
MPEP,0500,502.05(I)(C)(4),,,EFS-Web Contingency Option,,,,
MPEP,0500,502.05(I)(C)(4),p1,,,,35 U.S.C. 371; ,,
MPEP,0500,502.05(I)(C)(4)(a),,,Proper Submissions Under EFS-Web Contingency Option,,,,
MPEP,0500,502.05(I)(C)(4)(a),p1,,,,,,
MPEP,0500,502.05(I)(C)(4)(b),,,Improperly Filed Follow-on Documents,,,,
MPEP,0500,502.05(I)(C)(4)(b),p1,,,,35 U.S.C. 371; ,,
MPEP,0500,502.05(I)(C)(4)(c),,,Additional Information Regarding National Stage Submissions,,,,
MPEP,0500,502.05(I)(C)(4)(c),p1,,,,35 U.S.C. 371; ,37 CFR 1.495; 37 CFR 1.10; ,
MPEP,0500,502.05(I)(C)(4)(c),p2,,,,35 U.S.C. 371; ,37 CFR 1.10; 37 CFR 1.6(d)(3); ,
MPEP,0500,502.05(I)(C)(4)(c),p3,,,,,,
MPEP,0500,502.05(I)(C)(5),,,Document Inadvertently Omitted from Application,,,,
MPEP,0500,502.05(I)(C)(5),p1,,,,,,
MPEP,0500,502.05(I)(C)(5),p2,,,,35 U.S.C. 111; ,,
MPEP,0500,502.05(I)(C)(6),,,Legal Consequences of the USPTO’s Accepting Electronic Patent Applications on Saturday and Sunday,,,,
MPEP,0500,502.05(I)(C)(6),p1,,,,,,
MPEP,0500,502.05(I)(C)(6),p2,,,,,,
MPEP,0500,502.05(I)(C)(6),p3,,,,35 U.S.C. 119(e)(3); ,,
MPEP,0500,502.05(I)(C)(6),p4,,,,,,
MPEP,0500,502.05(I)(C)(6),p5,,,,,,
MPEP,0500,502.05(I)(C)(6),p6,,,,,,
MPEP,0500,502.05(I)(C)(6),p7,,,,,,
MPEP,0500,502.05(I)(C)(6),p8,,,,,,
MPEP,0500,502.05(I)(D),,,Proper usage of EFS-Web,,,,
MPEP,0500,502.05(I)(D),p1,,,,,,
MPEP,0500,502.05(I)(D)(1),,,Filing Documents as PDF Files via EFS-Web,,,,
MPEP,0500,502.05(I)(D)(1),p1,,,,,37 CFR 1.52(a)(1)(v); ,
MPEP,0500,502.05(I)(D)(1),p2,,,,,,
MPEP,0500,502.05(I)(D)(1),p3,,,,,,
MPEP,0500,502.05(I)(D)(2),,,Entering Information on EFS-Web Screens,,,,
MPEP,0500,502.05(I)(D)(2),p1,,,,,,
MPEP,0500,502.05(I)(D)(2)(a),,,Follow-on Documents,,,,
MPEP,0500,502.05(I)(D)(2)(a),p1,,,,,,
MPEP,0500,502.05(I)(D)(2)(a),p2,,,,,,
MPEP,0500,502.05(I)(D)(2)(b),,,Filing a New Application,,,,
MPEP,0500,502.05(I)(D)(2)(b),p1,,,,,,
MPEP,0500,502.05(I)(D)(2)(c),,,Document Indexing,,,,
MPEP,0500,502.05(I)(D)(2)(c),p1,,,,,,
MPEP,0500,502.05(I)(D)(2)(c),p2,,,,,,
MPEP,0500,502.05(I)(D)(3),,,Refunds,,,,
MPEP,0500,502.05(I)(D)(3),p1,,,,,,
MPEP,0500,502.05(I)(E),,,Security and Authentication,,,,
MPEP,0500,502.05(I)(E),p1,,,,,,
MPEP,0500,502.05(I)(E),p2,,,,,,
MPEP,0500,502.05(I)(E),p3,,,,,37 CFR 1.8; 37 CFR 1.10; ,
MPEP,0500,502.05(I)(E),p4,,,,,,
MPEP,0500,502.05(I)(E)(1),,,PKI Subscriber Agreement,,,,
MPEP,0500,502.05(I)(E)(1),p1,,,,,,
MPEP,0500,502.05(I)(E)(1),p2,,,,,,
MPEP,0500,502.05(I)(E)(1),p3,,,,,,
MPEP,0500,502.05(I)(E)(1),p4,,,,,,
MPEP,0500,502.05(I)(E)(1),p5,,,,,37 CFR 1.291; ,
MPEP,0500,502.05(I)(E)(1),p6,,,,,,
MPEP,0500,502.05(I)(E)(1),p7,,,,,,
MPEP,0500,502.05(I)(E)(2),,,Authorized Assistants of the Digital Certificate Holder,,,,
MPEP,0500,502.05(I)(E)(2),p1,,,,,,
MPEP,0500,502.05(I)(E)(2),p2,,,,,37 CFR 1.4; ,
MPEP,0500,502.05(I)(E)(2),p3,,,,,,
MPEP,0500,502.05(I)(F),,,Signature Policy,,,,
MPEP,0500,502.05(I)(F),p1,,,,,37 CFR 1.4(d)(3); ,
MPEP,0500,502.05(I)(F),p2,,,,35 U.S.C. 111(a); ,37 CFR 1.4(d)(1); 37 CFR 1.4(d)(2); 37 CFR 1.4(d)(3); 37 CFR 1.33(b); 37 CFR 1.33(a); ,
MPEP,0500,502.05(I)(F),p3,,,,,37 CFR 1.4(d)(4); ,
MPEP,0500,502.05(I)(G),,,Submission of Pre-Grant (Eighteen-Month) Publication Requests Via EFS-Web,,,,
MPEP,0500,502.05(I)(G),p1,,,,,37 CFR 1.215; 37 CFR 1.221(a); ,
MPEP,0500,502.05(I)(G),p2,,,,,37 CFR 1.215(c); ,
MPEP,0500,502.05(I)(H),,,Submission of Supplemental Examination Requests via EFS-Web,,,,
MPEP,0500,502.05(I)(H),p1,,,,,,
MPEP,0500,502.05(I),,,Filing of Third-party Preissuance Submissions and Citation of Prior Art and Written Statements in Patent Files Filed via EFS-Web,,,,
MPEP,0500,502.05(I),p1,,,,,37 CFR 1.290; ,
MPEP,0500,502.05(I),p2,,,,,37 CFR 1.501; ,
MPEP,0500,,,,Submission of Interim Copies of Foreign Priority Documents via EFS-Web,,,,
MPEP,0500,,p1,,,,35 U.S.C. 111(a); 35 U.S.C. 371; ,37 CFR 1.55(j); ,
MPEP,0500,,p2,,,,,,
MPEP,0500,,,,Submission of Photographs and Drawings via EFS-Web,,,,
MPEP,0500,,p1,,,,,37 CFR 1.84(a)(1); 37 CFR 1.84(a)(2); 37 CFR 1.84(b); ,
MPEP,0500,,p2,,,,,,
MPEP,0500,,p3,,,,,,
MPEP,0500,,p4,,,,35 U.S.C. 371; ,37 CFR 1.84; ,
MPEP,0500,502.05(I)(1),,,Types of Photographs and Drawings Permitted to be Filed via EFS-Web,,,,
MPEP,0500,502.05(I)(1),p1,,,,,,
MPEP,0500,502.05(I)(2),,,Document Description for Photograph and Drawings,,,,
MPEP,0500,502.05(I)(2),p1,,,,,,
MPEP,0500,502.05(I)(3),,,Additional Requirements,,,,
MPEP,0500,502.05(I)(3),p1,,,,,37 CFR 1.84(a)(2); ,
MPEP,0500,502.05(I)(3),p2,,,,,,
MPEP,0500,502.05(I)(3),p3,,,,,,
MPEP,0500,,,,Text Files and File Limits,,,,
MPEP,0500,,p1,,,,,,
MPEP,0500,502.05(I)(1),,,"Biotechnology Sequence Listings, Large Tables, or Computer Program Listing Appendices Submitted as Text Files via EFS-Web",,,,
MPEP,0500,502.05(I)(1),p1,,,,35 U.S.C. 111; 35 U.S.C. 371; ,37 CFR 1.52(e); ,
MPEP,0500,502.05(I)(1),p2,,,,,37 CFR 1.52(e); ,
MPEP,0500,502.05(I)(2),,,Application Size Fee,,,,
MPEP,0500,502.05(I)(2),p1,,,,,37 CFR 1.52(e); 37 CFR 1.16(s); 37 CFR 1.52(f)(1); ,
MPEP,0500,502.05(I)(2),p2,,,,,37 CFR 1.16(s); ,
MPEP,0500,502.05(I)(3),,,Size Limit for Text Files,,,,
MPEP,0500,502.05(I)(3),p1,,,,,37 CFR 1.52(e); 37 CFR 1.10; ,
MPEP,0500,502.05(I)(3),p2,,,,,,
MPEP,0500,502.05(I)(3),p3,,,,,37 CFR 1.10; 37 CFR 1.52(e); ,
MPEP,0500,502.05(I)(4),,,Limit on the Number of Electronic files in a Single EFS-Web Submission,,,,
MPEP,0500,502.05(I)(4),p1,,,,,,
MPEP,0500,502.05(I)(4),p2,,,,,,
MPEP,0500,502.05(I)(5),,,Complex Work Units,,,,
MPEP,0500,502.05(I)(5),p1,,,,35 U.S.C. 111; 35 U.S.C. 371; ,,
MPEP,0500,,,,"New PCT International Applications, New National Stage Submissions, and Associated Documents",,,,
MPEP,0500,,p1,,,,35 U.S.C. 371; ,,
MPEP,0500,502.05(I)(1),,,New PCT International Applications Filed under the PCT with the United States Receiving Office,,,,
MPEP,0500,502.05(I)(1),p1,,,,,,
MPEP,0500,502.05(I)(1)(a),,,The Request,,,,
MPEP,0500,502.05(I)(1)(a),p1,,,,,,
MPEP,0500,502.05(I)(1)(b),,,Other Documents,,,,
MPEP,0500,502.05(I)(1)(b),p1,,,,,,
MPEP,0500,502.05(I)(1)(b),p2,,,,,,
MPEP,0500,502.05(I)(2),,,Specific Requirements for Drawings or Photographs,,,,
MPEP,0500,502.05(I)(2),p1,,,,,,
MPEP,0500,502.05(I)(2)(a),,,PCT International Application,,,,
MPEP,0500,502.05(I)(2)(a),p1,,,,,,
MPEP,0500,502.05(I)(2)(a),p2,,,,,,
MPEP,0500,502.05(I)(2)(b),,,National Stage Submission:,,,,
MPEP,0500,502.05(I)(2)(b),p1,,,,,,
MPEP,0500,502.05(I)(3),,,"Specific Requirements Pertaining to New National Stage Submissions, Including the Payment of Filing Fee",,,,
MPEP,0500,502.05(I)(3),p1,,,,,,
MPEP,0500,502.05(I)(3)(a),,,Online Payment Option,,,,
MPEP,0500,502.05(I)(3)(a),p1,,,,35 U.S.C. 371; ,37 CFR 1.495; ,
MPEP,0500,502.05(I)(3)(b),,,Alternative Payment Methods,,,,
MPEP,0500,502.05(I)(3)(b),p1,,,,35 U.S.C. 371; ,37 CFR 1.10; 37 CFR 1.6(d)(3); ,
MPEP,0500,502.05(I)(3)(b),p2,,,,35 U.S.C. 371; ,,
MPEP,0500,502.05(I)(4),,,New National Stage Submissions to Enter the U.S. National Stage Under 35 U.S.C. 371,,,,
MPEP,0500,502.05(I)(4),p1,,,,,,
MPEP,0500,502.05(I)(4)(a),,,Validation by PALM,,,,
MPEP,0500,502.05(I)(4)(a),p1,,,,35 U.S.C. 371; ,37 CFR 1.10; 37 CFR 1.6(d)(3); ,
MPEP,0500,502.05(I)(4)(b),,,Transmittal Letter,,,,
MPEP,0500,502.05(I)(4)(b),p1,,,,35 U.S.C. 371; ,,
MPEP,0500,502.05(I)(4)(c),,,Application Data Sheet,,,,
MPEP,0500,502.05(I)(4)(c),p1,,,,,,
MPEP,0500,502.05(I)(4)(d),,,Initial Processing,,,,
MPEP,0500,502.05(I)(4)(d),p1,,,,35 U.S.C. 371; ,,
MPEP,0500,502.05(I)(5),,,Specific Requirements for Nucleotide or Amino Acid Sequence Listings in PCT International Applications,,,,
MPEP,0500,502.05(I)(5),p1,,,,,,
MPEP,0500,502.05(I)(5)(a),,,Sequence Listing,,,,
MPEP,0500,502.05(I)(5)(a),p1,,,,,,
MPEP,0500,502.05(I)(5)(a),p2,,,,,,
MPEP,0500,502.05(I)(5)(b),,,File Size and Quantity Limits,,,,
MPEP,0500,502.05(I)(5)(b),p1,,,,,,
MPEP,0500,502.05(I)(5)(b),p2,,,,,37 CFR 1.10; ,
MPEP,0500,502.05(I)(5)(c),,,Fee Determination for PCT International Applications Containing a Sequence Listing,,,,
MPEP,0500,502.05(I)(5)(c),p1,,,,,,
MPEP,0500,502.05(I)(6),,,Limitations concerning computer program listings and tables related to a sequence listing in PCT international applications,,,,
MPEP,0500,502.05(I)(6),p1,,,,,,
MPEP,0500,502.05(I)(6)(a),,,Computer Program Listings,,,,
MPEP,0500,502.05(I)(6)(a),p1,,,,,,
MPEP,0500,502.05(I)(6)(b),,,Tables Related to a Sequence Listing,,,,
MPEP,0500,502.05(I)(6)(b),p1,,,,,,
MPEP,0500,502.05(I)(7),,,Follow-on Submissions for PCT International Applications,,,,
MPEP,0500,502.05(I)(7),p1,,,,,37 CFR 1.821(h); ,
MPEP,0500,502.05(I)(8),,,Policy of Annex F of the PCT Administrative Instructions (AI Annex F),,,,
MPEP,0500,502.05(I)(8),p1,,,,,,
MPEP,0500,,,,International Design Applications and Associated Documents,,,,
MPEP,0500,,p1,,,,,,
MPEP,0500,502.05(I)(1),,,New international design applications filed through the USPTO as an office of indirect filing,,,,
MPEP,0500,502.05(I)(1),p1,,,,,,
MPEP,0500,502.05(I)(1)(a),,,Official form (Form DM/1):,,,,
MPEP,0500,502.05(I)(1)(a),p1,,,,,,
MPEP,0500,502.05(I)(1)(a),p2,,,,,,
MPEP,0500,502.05(I)(1)(b),,,Reproductions:,,,,
MPEP,0500,502.05(I)(1)(b),p1,,,,,,
MPEP,0500,502.05(I)(1)(b),p2,,,,,,
MPEP,0500,502.05(I)(1)(b),p3,,,,,,
MPEP,0500,502.05(I)(1)(b),p4,,,,,,
MPEP,0500,502.05(I)(1)(c),,,Annexes:,,,,
MPEP,0500,502.05(I)(1)(c),p1,,,,,,
MPEP,0500,502.05(I)(1)(c),p2,,,,,,
MPEP,0500,502.05(I)(2),,,International design application fees required by or payable through the USPTO as an office of indirect filing,,,,
MPEP,0500,502.05(I)(2)(a),,,Transmittal fee:,,,,
MPEP,0500,502.05(I)(2)(a),p1,,,,,37 CFR 1.1031(a); 37 CFR 1.1045; ,
MPEP,0500,502.05(I)(2)(b),,,International fees payable to WIPO,,,,
MPEP,0500,502.05(I)(2)(b),p1,,,,,37 CFR 1.1031(c); ,
MPEP,0500,502.05(I)(2)(b),p2,,,,,37 CFR 1.1031(a); ,
MPEP,0500,502.05(I)(3),,,Follow-on submissions in international design applications,,,,
MPEP,0500,502.05(I)(3),p1,,,,,,
MPEP,0500,502.05(I)(3),p2,,,,,37 CFR 1.1045; ,
MPEP,0500,502.05(I)(3),p3,,,,,,
MPEP,0500,502.05(I)(3),p4,,,,,37 CFR 1.121; ,
MPEP,0500,502.05(II),,,Additional Information,,,,
MPEP,0500,502.05(II),p1,,,,,,
MPEP,0500,503,,,Application Number and Filing Receipt [R-07.2015],,,,
MPEP,0500,503(I),,,APPLICATION NUMBER,,,,
MPEP,0500,503(I),p1,,,,,,
MPEP,0500,503(I),p2,,,,,,
MPEP,0500,503(II),,,FILING RECEIPTS,,,,
MPEP,0500,503(II),p1,,,,35 U.S.C. 122(b); ,37 CFR 1.54(b); ,
MPEP,0500,503(II),p2,,,,,,
MPEP,0500,503(II),p3,,,,,37 CFR 1.53(d); ,
MPEP,0500,503(II),p4,,,,35 U.S.C. 115(f); ,37 CFR 1.53(d); 37 CFR 1.53(b); 37 CFR 1.16; 37 CFR 1.53(f); 37 CFR 1.76; ,
MPEP,0500,503(II),p5,,,,,37 CFR 1.53(c); 37 CFR 1.51(c)(1); 37 CFR 1.76; 37 CFR 1.53(c)(1); ,
MPEP,0500,503(II),p6,,,,,,
MPEP,0500,503(II),p7,,,,,,
MPEP,0500,503(II),p8,,,,,,
MPEP,0500,503(II),p9,,,,,37 CFR 1.10; 37 CFR 1.59; 37 CFR 1.26(a); ,
MPEP,0500,503(III),,,RETURN POSTCARD,,,,
MPEP,0500,503(III),p1,,,,,,
MPEP,0500,503(III),p2,,,,,,
MPEP,0500,503(III),p3,,,,,,
MPEP,0500,503(III),p4,,,,,,
MPEP,0500,503(III),p5,,,,,,
MPEP,0500,503(III),p6,,,,,,
MPEP,0500,504,,,Assignment of Application for Examination [R-08.2012],,,,
MPEP,0500,505,,,Date of Receipt Stamp [R-07.2015],,,,
MPEP,0500,506,,,Completeness of Original Application [R-07.2015],,,,
MPEP,0500,506(I),,,INCOMPLETE NONPROVISIONAL APPLICATIONS FILED UNDER 37 CFR 1.53(b),,,,
MPEP,0500,506(I),p1,,,,,,
MPEP,0500,506(I)(A),,,Utility Applications,,,,
MPEP,0500,506(I)(A),p1,,,,,37 CFR 1.53(b); ,
MPEP,0500,506(I)(B),,,Design Applications,,,,
MPEP,0500,506(I)(B),p1,,,,35 U.S.C. 113; ,37 CFR 1.53(b); ,
MPEP,0500,506(I)(C),,,Handling of Incomplete Applications,,,,
MPEP,0500,506(I)(C),p1,,,,35 U.S.C. 111(a); ,37 CFR 1.53(b); ,
MPEP,0500,506(I)(C),p2,,,,,,
MPEP,0500,506(I)(C),p3,,,,35 U.S.C. 112; ,37 CFR 1.71; ,
MPEP,0500,506(I)(C),p4,,,,,37 CFR 1.53(b); 37 CFR 1.16(f); ,
MPEP,0500,506(I)(C),p5,,,,35 U.S.C. 115(f); ,37 CFR 1.76; 37 CFR 1.53(f)(3); ,
MPEP,0500,506(I)(C),p6,,,,,37 CFR 1.53(b); 37 CFR 1.16(f); 37 CFR 1.63; 37 CFR 1.64; ,
MPEP,0500,506(I)(C),p7,,,,35 U.S.C. 111; ,37 CFR 1.53(b); 37 CFR 1.16(f); 37 CFR 1.16(s); 37 CFR 1.52(f); 37 CFR 1.52(e); 37 CFR 1.821(c); 37 CFR 1.53(f)(3); 37 CFR 1.51(b)(4); 37 CFR 1.16(h); 37 CFR 1.16(i); 37 CFR 1.16(j); ,
MPEP,0500,506(I)(C),p8,,,,,37 CFR 1.53(b); 37 CFR 1.121; 37 CFR 1.138(d); ,
MPEP,0500,506(I)(C),p9,,,,,37 CFR 1.53(b); ,
MPEP,0500,506(II),,,INCOMPLETE PROVISIONAL APPLICATIONS,,,,
MPEP,0500,506(II),p1,,,,35 U.S.C. 113; ,,
MPEP,0500,506(II),p2,,,,,,
MPEP,0500,506(II),p3,,,,"35 U.S.C. 112(a); pre-AIA 35 U.S.C. 112, first paragraph; ",37 CFR 1.71; ,
MPEP,0500,506(II),p4,,,,35 U.S.C. 113; ,37 CFR 1.81(a); ,
MPEP,0500,506(II),p5,,,,"35 U.S.C. 112(a); 35 U.S.C. 112, first paragraph; ",37 CFR 1.71; 37 CFR 1.51(c)(1); 37 CFR 1.76; 37 CFR 1.53(b); 37 CFR 1.53(c)(1); ,
MPEP,0500,506(II),p6,,,,,37 CFR 1.53(c); ,
MPEP,0500,506(III),,,INFORMAL APPLICATIONS,,,,
MPEP,0500,506(III),p1,,,,,,
MPEP,0500,506(III),p2,,,,35 U.S.C. 113; ,37 CFR 1.53(b); ,
MPEP,0500,506.01,,,[Reserved],,,,
MPEP,0500,506.02,,,Review of Refusal To Accord Filing Date [R-07.2015],,,,
MPEP,0500,507,,,Drawing Review in the Office of Patent Application Processing [R-07.2015],,,,
MPEP,0500,508,,,Distribution [R-07.2015],,,,
MPEP,0500,508.01,,,[Reserved],,,,
MPEP,0500,508.02,,,Papers Received After Patenting or Abandonment [R-08.2012],,,,
MPEP,0500,508.03,,,[Reserved],,,,
MPEP,0500,508.04,,,Unlocatable Patent or Application Files [R-07.2015],,,,
MPEP,0500,509,,,Payment of Fees [R-07.2015],,,,
MPEP,0500,509(I),,,ITEMIZATION AND APPLICATION OF FEES,,,,
MPEP,0500,509(I),p1,,,,,37 CFR 1.22(b); 37 CFR 1.16; 37 CFR 1.16; ,
MPEP,0500,509(I),p2,,,,35 U.S.C. 111(a); ,,
MPEP,0500,509(II),,,PAYMENT BY CREDIT CARD,,,,
MPEP,0500,509(II),p1,,,,,37 CFR 1.23; ,
MPEP,0500,509(II),p2,,,,,,
MPEP,0500,509(II),p3,,,,,37 CFR 1.6(d); 37 CFR 1.4(e); 37 CFR 1.4(d)(2); ,
MPEP,0500,509(II),p4,,,,,37 CFR 1.26; 37 CFR 1.26(a); ,
MPEP,0500,509(II),p5,,,,,,
MPEP,0500,509(II),p6,,,,,37 CFR 1.2; ,
MPEP,0500,509(II),p7,,,,,,
MPEP,0500,509(II),p8,,,,,,
MPEP,0500,509(II),p9,,,,,,
MPEP,0500,509.01,,,Deposit Accounts [R-07.2015],,,,
MPEP,0500,509.01(I),,,DEPOSIT ACCOUNT AUTHORIZATIONS,,,,
MPEP,0500,509.01(I),p1,,,,,37 CFR 1.25(b); ,
MPEP,0500,509.01(I),p2,,,,,,
MPEP,0500,509.01(I),p3,,,,,37 CFR 1.311(b); 37 CFR 1.18; 37 CFR 1.25(b); ,
MPEP,0500,509.01(I),p4,,,,,37 CFR 1.19; 37 CFR 1.20; 37 CFR 1.21; ,
MPEP,0500,509.01(I),p5,,,,,37 CFR 1.16; 37 CFR 1.19; 37 CFR 1.25; 37 CFR 1.21(m); 37 CFR 1.18; ,
MPEP,0500,509.01(I),p6,,,,,37 CFR 1.16; 37 CFR 1.16; 37 CFR 1.21(m); ,
MPEP,0500,509.01(I),p7,,,,,,
MPEP,0500,509.01(I),p8,,,,,37 CFR 1.16; 37 CFR 1.16(t); ,
MPEP,0500,509.01(I),p9,,,,35 U.S.C. 371; ,37 CFR 1.25(b); 37 CFR 1.16; 37 CFR 1.492; 37 CFR 1.495; 37 CFR 1.492; ,
MPEP,0500,509.01(I),p10,,,,,37 CFR 1.25(b); 37 CFR 1.1031; 37 CFR 1.1031(a); 37 CFR 1.1031(d); ,
MPEP,0500,509.01(II),,,DEPOSIT ACCOUNT REPLENISHMENTS,,,,
MPEP,0500,509.01(II),p1,,,,,37 CFR 1.25(c); ,
MPEP,0500,509.01(III),,,REFUNDS TO A DEPOSIT ACCOUNT,,,,
MPEP,0500,509.01(III),p1,,,,,,
MPEP,0500,509.02,,,Small Entity Status — Definitions [R-07.2015],,,,
MPEP,0500,509.02(I),,,PERSON,,,,
MPEP,0500,509.02(I),p1,,,,,37 CFR 1.27(a)(1); ,
MPEP,0500,509.02(II),,,SMALL BUSINESS CONCERN,,,,
MPEP,0500,509.02(II),p1,,,,,37 CFR 1.27(a)(2); ,
MPEP,0500,509.02(II),p2,,,,,,
MPEP,0500,509.02(II),p3,,,,,,
MPEP,0500,509.02(II),p4,,,,,,
MPEP,0500,509.02(II),p5,,,,,,
MPEP,0500,509.02(II),p6,,,,,,
MPEP,0500,509.02(II),p7,,,,,,
MPEP,0500,509.02(III),,,NONPROFIT ORGANIZATIONS,,,,
MPEP,0500,509.02(III),p1,,,,35 U.S.C. 201(i); ,37 CFR 1.27(a)(3); ,
MPEP,0500,509.02(IV),,,LOCATION OF SMALL ENTITY,,,,
MPEP,0500,509.02(IV),p1,,,,,,
MPEP,0500,509.02(V),,,RIGHTS IN THE INVENTION AND TRANSFER OF RIGHTS,,,,
MPEP,0500,509.02(V),p1,,,,,37 CFR 1.27(a)(1); ,
MPEP,0500,509.02(V),p2,,,,,37 CFR 1.27(a)(1); 37 CFR 1.27(a)(2); 37 CFR 1.27(a)(3); ,
MPEP,0500,509.02(V),p3,,,,,,
MPEP,0500,509.02(V),p4,,,,,,
MPEP,0500,509.02(V),p5,,,,,,
MPEP,0500,509.02(V),p6,,,,,,
MPEP,0500,509.02(V),p7,,,,,37 CFR 1.27(a)(1); 37 CFR 1.27(a)(5); 37 CFR 1.27(g); ,
MPEP,0500,509.02(V),p8,,,,,37 CFR 1.27(g)(1); 37 CFR 1.27(g)(2); ,
MPEP,0500,509.02(VI),,,RIGHTS HELD BY GOVERNMENT ORGANIZATIONS,,,,
MPEP,0500,509.02(VI),p1,,,,35 U.S.C. 202(c)(4); ,37 CFR 1.27(a)(1); ,
MPEP,0500,509.02(VI),p2,,,,35 U.S.C. 202(c)(4); 35 U.S.C. 202(c)(4); ,,
MPEP,0500,509.02(VI),p3,,,,35 U.S.C. 201(i); ,37 CFR 1.27(a)(3); 37 CFR 1.27(a)(3); ,
MPEP,0500,509.02(VI),p4,,,,,,
MPEP,0500,509.03,,,Claiming Small Entity Status [R-07.2015],,,,
MPEP,0500,509.03,,,Small Entity Status,,,,
MPEP,0500,509.03(I),,,ASSERTION BY WRITING,,,,
MPEP,0500,509.03(I),p1,,,,,37 CFR 1.27(c)(1); ,
MPEP,0500,509.03(II),,,PARTIES WHO CAN ASSERT AND SIGN AN ENTITLEMENT TO SMALL ENTITY STATUS BY WRITING,,,,
MPEP,0500,509.03(II),p1,,,,,,
MPEP,0500,509.03(II)(A),,,"Applications Filed On or After September 16, 2012",,,,
MPEP,0500,509.03(II)(B),,,"Applications Filed Before September 16, 2012",,,,
MPEP,0500,509.03(III),,,PARTIES WHO CAN FILE THE WRITTEN ASSERTION ONCE SIGNED,,,,
MPEP,0500,509.03(III),p1,,,,,37 CFR 1.27(c)(2); 37 CFR 1.33(b); ,
MPEP,0500,509.03(IV),,,"ASSERTION BY PAYMENT OF SMALL ENTITY BASIC FILING. BASIC NATIONAL FEE, OR INDIVIDUAL DESIGNATION FEE",,,,
MPEP,0500,509.03(IV),p1,,,,,37 CFR 1.16(a); 37 CFR 1.492(a); 37 CFR 1.1031; 37 CFR 1.27(c)(3); 37 CFR 1.27(c)(1); ,
MPEP,0500,509.03(IV),p2,,,,,,
MPEP,0500,509.03(IV),p3,,,,,37 CFR 1.17; ,
MPEP,0500,509.03(IV),p4,,,,,37 CFR 1.28; ,
MPEP,0500,509.03(V),,,PARTIES WHO CAN ASSERT AND FILE SMALL ENTITY STATUS BY PAYMENT,,,,
MPEP,0500,509.03(V),p1,,,,,,
MPEP,0500,509.03(VI),,,CONTINUED OBLIGATIONS FOR THOROUGH INVESTIGATION OF SMALL ENTITY STATUS,,,,
MPEP,0500,509.03(VI),p1,,,,,37 CFR 1.27(f); ,
MPEP,0500,509.03(VI),p2,,,,,,
MPEP,0500,509.03(VI),p3,,,,,,
MPEP,0500,509.03(VI),p4,,,,,,
MPEP,0500,509.03(VI),p5,,,,,37 CFR 1.27; ,
MPEP,0500,509.03(VI),p6,,,,,,
MPEP,0500,509.03(VI),p7,,,,,37 CFR 1.27; ,
MPEP,0500,509.03(VI),p8,,,,,37 CFR 1.4(d)(4); 37 CFR 1.4(d)(4); ,
MPEP,0500,509.03(VII),,,REMOVAL OF STATUS,,,,
MPEP,0500,509.03(VII),p1,,,,,37 CFR 1.27(g)(1); 37 CFR 1.27(g)(2); ,
MPEP,0500,509.03(VII),p2,,,,,,
MPEP,0500,509.03(VIII),,,IMPROPERLY ESTABLISHING SMALL ENTITY STATUS,,,,
MPEP,0500,509.03(VIII),p1,,,,,37 CFR 1.27(h); ,
MPEP,0500,509.03(IX),,,REFUNDS BASED ON LATER ESTABLISHMENT OF SMALL ENTITY STATUS,,,,
MPEP,0500,509.03(X),,,CORRECTING ERRORS IN SMALL ENTITY STATUS,,,,
MPEP,0500,509.04,,,Micro Entity Status — Definitions [R-07.2015],,,,
MPEP,0500,509.04(I),,,REQUIREMENT FOR A CERTIFICATION,,,,
MPEP,0500,509.04(I),p1,,,,35 U.S.C. 123; ,37 CFR 1.53; 37 CFR 1.53(d); 37 CFR 1.29(e); 37 CFR 1.29(f); ,
MPEP,0500,509.04(I),p2,,,,,37 CFR 1.29(j); ,
MPEP,0500,509.04(II),,,BASES FOR ESTABLISHING MICRO ENTITY STATUS,,,,
MPEP,0500,509.04(II),p1,,,,35 U.S.C. 123(a); 35 U.S.C. 123(d); ,37 CFR 1.29(a); 37 CFR 1.29(d); ,
MPEP,0500,509.04(a),,,Gross Income Basis for Micro Entity Status [R-11.2013],,,,
MPEP,0500,509.04(a)(I),,,SECTION 1.29(a) – GROSS INCOME BASIS REQUIREMENTS,,,,
MPEP,0500,509.04(a)(I)(A),,,Small Entity Requirement,,,,
MPEP,0500,509.04(a)(I)(A),p1,,,,,37 CFR 1.27; ,
MPEP,0500,509.04(a)(I)(B),,,Application Filing Limit,,,,
MPEP,0500,509.04(a)(I)(B),p1,,,,,37 CFR 1.29(a)(2); ,
MPEP,0500,509.04(a)(I)(B),p2,,,,,37 CFR 1.29(b); ,
MPEP,0500,509.04(a)(I)(B),p3,,,,,37 CFR 1.29(a); ,
MPEP,0500,509.04(a)(I)(C),,,Gross Income Limit on Applicants and Inventors,,,,
MPEP,0500,509.04(a)(I)(C),p1,,,,35 U.S.C. 123(a)(3); ,37 CFR 1.29(a); 37 CFR 1.29(a)(3); ,
MPEP,0500,509.04(a)(I)(C),p2,,,,,,
MPEP,0500,509.04(a)(I)(C),p3,,,,,37 CFR 1.29(a)(3); 37 CFR 1.29(a)(2); ,
MPEP,0500,509.04(a)(I)(C),p4,,,,,,
MPEP,0500,509.04(a)(I)(C),p5,,,,,37 CFR 1.29(a)(4); ,
MPEP,0500,509.04(a)(I)(C),p6,,,,,37 CFR 1.43; 37 CFR 1.29(a); 37 CFR 1.29(a)(3); 37 CFR 1.29(a)(4); ,
MPEP,0500,509.04(a)(I)(D),,,Gross Income Limit on Parties With an Ownership Interest,,,,
MPEP,0500,509.04(a)(I)(D),p1,,,,,37 CFR 1.29(a)(4); ,
MPEP,0500,509.04(a)(I)(D),p2,,,,,37 CFR 1.29(a)(4); ,
MPEP,0500,509.04(a)(I)(D),p3,,,,,37 CFR 1.29(a); 37 CFR 1.29(a)(4); 37 CFR 1.29(i); ,
MPEP,0500,509.04(a)(II),,,SECTION 1.29(b) – PREVIOUSLY FILED PATENT APPLICATION EXCLUSION,,,,
MPEP,0500,509.04(a)(II),p1,,,,,,
MPEP,0500,509.04(a)(III),,,SECTION 1.29(c) – GROSS INCOME DETERMINED BY CURRENCY EXCHANGE RATE,,,,
MPEP,0500,509.04(b),,,Institution of Higher Education Basis for Micro Entity Status [R-11.2013],,,,
MPEP,0500,509.04(b)(I),,,REQUIREMENTS,,,,
MPEP,0500,509.04(b)(I),p1,,,,,37 CFR 1.29(d); 37 CFR 1.27; ,
MPEP,0500,509.04(b)(I)(A),,,Small Entity Requirement,,,,
MPEP,0500,509.04(b)(I)(A),p1,,,,,37 CFR 1.27; ,
MPEP,0500,509.04(b)(I)(B),,,Section 1.29(d)(2) Requirement,,,,
MPEP,0500,509.04(b)(I)(B),p1,,,,,37 CFR 1.29(d)(2)(i); ,
MPEP,0500,509.04(b)(I)(B),p2,,,,35 U.S.C. 123(d); ,37 CFR 1.29(d)(2); ,
MPEP,0500,509.04(b)(II),,,MEANING OF INSTITUTION OF HIGHER EDUCATION,,,,
MPEP,0500,509.04(b)(II),p1,,,,,37 CFR 1.29(d); ,
MPEP,0500,509.04(b)(II),p2,,,,,,
MPEP,0500,509.04(b)(II)(A),,,Universities and Colleges that Do Not Qualify as Institutions of Higher Education,,,,
MPEP,0500,509.04(b)(II)(A),p1,,,,,,
MPEP,0500,509.04(b)(II)(B),,,The University Cannot be the Micro Entity Applicant,,,,
MPEP,0500,509.04(b)(II)(B),p1,,,,,37 CFR 1.29(d); 37 CFR 1.29(d)(2)(i); ,
MPEP,0500,509.04(b)(II)(C),,,CERTIFICATION FORM – INSTITUTION OF HIGHER EDUCATION BASIS,,,,
MPEP,0500,509.04(b)(II)(C),p1,,,,,37 CFR 1.29(d); 37 CFR 1.29(d)(1); 37 CFR 1.29(d)(2); 37 CFR 1.29(d)(2)(i); ,
MPEP,0500,509.04(c),,,Parties Who Can Sign the Micro Entity Certification [R-11.2013],,,,
MPEP,0500,509.04(d),,,Continued Obligation to Determine Micro Entity Qualification [R-11.2013],,,,
MPEP,0500,509.04(e),,,Notification of Loss of Entitlement to Micro Entity Status [R-11.2013],,,,
MPEP,0500,509.04(f),,,Correcting Errors in Micro Entity Status [R-07.2015],,,,
MPEP,0500,510,,,U.S. Patent and Trademark Office Business Hours [R-07.2015],,,,
MPEP,0500,510(I),,,FILING OF PAPERS DURING UNSCHEDULED CLOSINGS OF THE U.S. PATENT AND TRADEMARK OFFICE,,,,
MPEP,0500,510(I),p1,,,,,37 CFR 1.9(h); 37 CFR 1.6(a)(1); 37 CFR 1.6(a)(2); 37 CFR 1.10; 37 CFR 1.7; ,
MPEP,0500,510(I),p2,,,,,37 CFR 1.10; ,
MPEP,0500,510(I),p3,,,,,,
MPEP,0500,510(I),p4,,,,,37 CFR 1.10; 37 CFR 1.10; 37 CFR 1.6(a)(2); ,
MPEP,0500,510(II),,,CONDUCT IN PUBLIC INFORMATION FACILITIES,,,,
MPEP,0500,510(II),p1,,,,,,
MPEP,0500,510(II),p2,,,,,,
MPEP,0500,510(II),p3,,,,,,
MPEP,0500,510(III),,,USE OF TECHNOLOGY CENTER FACILITIES,,,,
MPEP,0500,510(III),p1,,,,,,
MPEP,0500,511,,,Postal Service Interruptions and Emergencies [R-07.2015],,,,
MPEP,0500,511(I),,,EXPRESS MAIL RENAMED PRIORITY MAIL EXPRESS,,,,
MPEP,0500,511(I),p1,,,,,,
MPEP,0500,511(I),p2,,,,,37 CFR 1.1; ,
MPEP,0500,511(I),p3,,,,,37 CFR 1.10; ,
MPEP,0500,511(II),,,PETITION DUE TO A POSTAL SERVICE INTERRUPTION OR EMERGENCY,,,,
MPEP,0500,511(II),p1,,,,,37 CFR 1.10(i); 37 CFR 1.10(g); 37 CFR 1.10(g); 37 CFR 1.10(h); ,
MPEP,0500,511(II),p2,,,,,37 CFR 1.10(g); ,
MPEP,0500,511(III),,,ALTERNATIVES TO FILING CORRESPONDENCE VIA PRIORITY MAIL EXPRESS®,,,,
MPEP,0500,511(III),p1,,,,,37 CFR 1.10; 37 CFR 1.6(a); ,
MPEP,0500,511(III),p2,,,,,37 CFR 1.8; 37 CFR 1.53(d); 37 CFR 1.6(d)(3); 37 CFR 1.8(a)(2)(i)(A); ,
MPEP,0500,511(III),p3,,,,,37 CFR 1.8; ,
MPEP,0500,512,,,Certificate of Mailing or Transmission [R-07.2015],,,,
MPEP,0500,512,,,.02 Format of Certificate of Mailing or Transmission,,,,
MPEP,0500,,,,37 CFR 1.6(a)(4),,,,
MPEP,0500,,,,1.6(d),,,,
MPEP,0500,,,,1.8(a)(2),,,,
MPEP,0500,512(I),,,PROCEDURE BY APPLICANT,,,,
MPEP,0500,512(II),,,USE OF STAMPED CERTIFICATION,,,,
MPEP,0500,512(II),p1,,,,,,
MPEP,0500,512(III),,,OFFICE PROCEDURE,,,,
MPEP,0500,512(III),p1,,,,,,
MPEP,0500,512(III)(A),,,Mail Center of the Office of Patent Application Processing,,,,
MPEP,0500,512(III)(A),p1,,,,,,
MPEP,0500,512(III)(A),p2,,,,,37 CFR 1.8; 37 CFR 1.10; ,
MPEP,0500,512(III)(B),,,Processing Areas,,,,
MPEP,0500,512(III)(B),p1,,,,,37 CFR 1.6(a); ,
MPEP,0500,512(III)(B),p2,,,,,37 CFR 1.6(a)(3); 37 CFR 1.6(a)(4); ,
MPEP,0500,512(III)(B),p3,,,,,,
MPEP,0500,512(III)(B),p4,,,,,,
MPEP,0500,512(III)(B),p5,,,,,37 CFR 1.7; 37 CFR 1.8(a); ,
MPEP,0500,512(III)(B),p6,,,,,37 CFR 1.53(d); 37 CFR 1.8(a)(2)(i)(A); ,
MPEP,0500,512(III)(B),p7,,,,35 U.S.C. 119(e)(3); ,37 CFR 1.7(b); ,
MPEP,0500,512(III)(B),p8,,,,,37 CFR 1.10; 37 CFR 1.10; 37 CFR 1.6(a)(2); ,
MPEP,0500,512(III)(B),p9,,,,,,
MPEP,0500,512(III)(B),p10,,,,,37 CFR 1.8; 37 CFR 1.10; ,
MPEP,0500,512(III)(B),p11,,,,,37 CFR 1.8; 37 CFR 1.10; ,
MPEP,0500,512,,,.04 Benefit of Certificate of Mailing Denied,,,,
MPEP,0500,512(IV),,,ORIGINAL MAILED PAPER NOT DELIVERED,,,,
MPEP,0500,512(IV),p1,,,,,37 CFR 1.8; ,
MPEP,0500,512(IV),p2,,,,,37 CFR 1.8(b); 37 CFR 1.8(a); ,
MPEP,0500,512(IV),p3,,,,,,
MPEP,0500,513,,,Deposit as Priority Mail Express,,,,
MPEP,0500,,p1,,,,,,
MPEP,0500,513(I),,,"EFFECTIVE DATE, WEEKENDS & HOLIDAYS",,,,
MPEP,0500,513(I),p1,,,,,37 CFR 1.6(a)(2); 37 CFR 1.10; 37 CFR 1.6(a)(1); 37 CFR 1.10(a); 37 CFR 1.10(c); ,
MPEP,0500,513(II),,,"DATE ACCEPTED, DIRECT DEPOSIT, PRIORITY MAIL EXPRESS® BOX RECEPTACLES & LOG BOOKS",,,,
MPEP,0500,513(II),p1,,,,,37 CFR 1.10(a); 37 CFR 1.10(c); ,
MPEP,0500,513(II),p2,,,,,37 CFR 1.10(b); ,
MPEP,0500,513(II),p3,,,,,37 CFR 1.10(d); 37 CFR 1.10(d); ,
MPEP,0500,513(II),p4,,,,,37 CFR 1.10(c); ,
MPEP,0500,513(III),,,PRIORITY MAIL EXPRESS® MAILING LABEL NUMBER,,,,
MPEP,0500,513(III),p1,,,,,37 CFR 1.10(b); 37 CFR 1.10(c); ,
MPEP,0500,513(III),p2,,,,,37 CFR 1.10; 37 CFR 1.183; 37 CFR 1.10(c); 37 CFR 1.8; ,
MPEP,0500,513(IV),,,PETITIONS,,,,
MPEP,0500,513(IV),p1,,,,,37 CFR 1.10(c); 37 CFR 1.10(d); 37 CFR 1.10(e); 37 CFR 1.10(g); ,
MPEP,0500,513(IV),p2,,,,,37 CFR 1.10(h); 37 CFR 1.10(i); ,
MPEP,0500,513(V),,,PETITION TO CORRECT FILING DATE AND DATE ACCEPTED DISCREPANCY,,,,
MPEP,0500,513(V),p1,,,,,37 CFR 1.10(c); ,
MPEP,0500,513(VI),,,PETITION TO CORRECT INCORRECTLY ENTERED DATE-IN,,,,
MPEP,0500,513(VI),p1,,,,,37 CFR 1.10(d); ,
MPEP,0500,513(VII),,,PETITION FOR CORRESPONDENCE NEVER RECEIVED,,,,
MPEP,0500,513(VII),p1,,,,,37 CFR 1.10(e); ,
MPEP,0500,513(VIII),,,ADDITIONAL EVIDENCE MAY BE REQUIRED,,,,
MPEP,0500,513(VIII),p1,,,,,37 CFR 1.10(f); ,
MPEP,0500,513(IX),,,PETITION FOR CORRESPONDENCE RETURNED DUE TO POSTAL INTERRUPTION OR EMERGENCY,,,,
MPEP,0500,513(IX),p1,,,,,37 CFR 1.10(g); 37 CFR 1.1(a); ,
MPEP,0500,513(X),,,PETITION FOR CORRESPONDENCE REFUSED DUE TO POSTAL INTERRUPTION OR EMERGENCY,,,,
MPEP,0500,513(X),p1,,,,,37 CFR 1.10(h); 37 CFR 1.1(a); ,
MPEP,0500,,,,PETITION FOR CORRESPONDENCE UNABLE TO BE DEPOSITED DUE TO A DIRECTOR-DESIGNATED POSTAL INTERRUPTION OR EMERGENCY,,,,
MPEP,0500,,p1,,,,,37 CFR 1.10(i); ,
