Part,Chapter,Section,Paragraph,Update Status,Title
I,,PART I,,,UNITED STATES PATENT AND TRADEMARK OFFICE
I,1,CHAPTER 1,,,"ESTABLISHMENT, OFFICERS AND EMPLOYEES, FUNCTIONS"
I,1,1,p1,,Establishment.
I,1,2,p2,,Powers and duties.
I,1,3,p3,,Officers and employees.
I,1,4,p4,,Restrictions on officers and employees as to interest in patents.
I,1,5,p5,,Patent and Trademark Office Public Advisory Committees.
I,1,6,p6,,Patent Trial and Appeal Board.
I,1,6,p7,(pre-AIA),Board of Patent Appeals and Interferences.
I,1,7,p8,,Library.
I,1,8,p9,,Classification of patents.
I,1,9,p10,,Certified copies of records.
I,1,10,p11,,Publications.
I,1,11,p12,,Exchange of copies of patents and applications with foreign countries.
I,1,12,p13,,Copies of patents and applications for public libraries.
I,1,13,p14,,Annual report to Congress.
I,1,1,,,Establishment.
I,1,1(a),,,ESTABLISHMENT.— The United States Patent and Trademark Office is established as an agency of the Uni
I,1,1(b),,,OFFICES.— The United States Patent and Trademark Office shall maintain its principal office in the m
I,1,1(c),,,"REFERENCE.— For purposes of this title, the United States Patent and Trademark Office shall also be "
I,1,2,,,Powers and duties.
I,1,2(a),,,"IN GENERAL.— The United States Patent and Trademark Office, subject to the policy direction of the S"
I,1,2(b),,,"SPECIFIC POWERS.— The Office—     (1) shall adopt and use a seal of the Office, which shall be judic"
I,1,2(c),,,CLARIFICATION OF SPECIFIC POWERS.—     (1) The special payments under subsection (b)(13)(B) shall be
I,1,2(d),,,"CONSTRUCTION.— Nothing in this section shall be construed to nullify, void, cancel, or interrupt any"
I,1,3,,,Officers and employees.
I,1,3(a),,,UNDER SECRETARY AND DIRECTOR.—     (1) IN GENERAL.— The powers and duties of the United States Paten
I,1,3(b),,,OFFICERS AND EMPLOYEES OF THE OFFICE.—     (1) DEPUTY UNDER SECRETARY AND DEPUTY DIRECTOR.— The Secr
I,1,3(c),,,CONTINUED APPLICABILITY OF TITLE 5. — Officers and employees of the Office shall be subject to the p
I,1,3(d),,,ADOPTION OF EXISTING LABOR AGREEMENTS.— The Office shall adopt all labor agreements which are in eff
I,1,3(e),,,CARRYOVER OF PERSONNEL.—     (1) FROM PTO.— Effective as of the effective date of the Patent and Tra
I,1,3(f),,,TRANSITION PROVISIONS.—     (1) INTERIM APPOINTMENT OF DIRECTOR.— On or after the effective date of 
I,1,4,,,Restrictions on officers and employees as to interest in patents.
I,1,5,,,Patent and Trademark Office Public Advisory Committees.
I,1,5(a),,,ESTABLISHMENT OF PUBLIC ADVISORY COMMITTEES.—     (1) APPOINTMENT.— The United States Patent and Tra
I,1,5(b),,,BASIS FOR APPOINTMENTS.— Members of each Advisory Committee—     (1) shall be citizens of the United
I,1,5(c),,,MEETINGS.— Each Advisory Committee shall meet at the call of the chair to consider an agenda set by 
I,1,5(d),,,"DUTIES.— Each Advisory Committee shall—     (1) review the policies, goals, performance, budget, and"
I,1,5(e),,,COMPENSATION.— Each member of each Advisory Committee shall be compensated for each day (including t
I,1,5(f),,,ACCESS TO INFORMATION.— Members of each Advisory Committee shall be provided access to records and i
I,1,5(g),,,APPLICABILITY OF CERTAIN ETHICS LAWS.— Members of each Advisory Committee shall be special Governmen
I,1,5(h),,,INAPPLICABILITY OF FEDERAL ADVISORY COMMITTEE ACT.— The Federal Advisory Committee Act (5 U.S.C. App
I,1,5(i),,,"OPEN MEETINGS.— The meetings of each Advisory Committee shall be open to the public, except that eac"
I,1,5(j),,,INAPPLICABILITY OF PATENT PROHIBITION.— Section 4  shall not apply to voting members of the Advisory
I,1,6,,,Patent Trial and Appeal Board.
I,1,6,,(pre-AIA),Board of Patent Appeals and Interferences.
I,1,7,,,Library.
I,1,8,,,Classification of patents.
I,1,9,,,Certified copies of records.
I,1,10,,,Publications.
I,1,10(a),,,"The Director may publish in printed, typewritten, or electronic form, the following:    (1) Patents "
I,1,10(b),,,"The Director may exchange any of the publications specified in items 3, 4, 5, and 6 of subsection (a"
I,1,11,,,Exchange of copies of patents and applications with foreign countries.
I,1,12,,,Copies of patents and applications for public libraries.
I,1,13,,,Annual report to Congress.
I,2,CHAPTER 2,,,PROCEEDINGS IN THE PATENT AND TRADEMARK OFFICE
I,2,21,p1,,Filing date and day for taking action.
I,2,22,p2,,Printing of papers filed.
I,2,23,p3,,Testimony in Patent and Trademark Office cases.
I,2,24,p4,,"Subpoenas, witnesses."
I,2,25,p5,,Declaration in lieu of oath.
I,2,26,p6,,Effect of defective execution.
I,2,27,p7,,Revival of applications; reinstatement of reexamination proceedings.
I,2,21,,,Filing date and day for taking action.
I,2,21(a),,,The Director may by rule prescribe that any paper or fee required to be filed in the Patent and Trad
I,2,21(b),,,"When the day, or the last day, for taking any action or paying any fee in the United States Patent a"
I,2,22,,,Printing of papers filed.
I,2,23,,,Testimony in Patent and Trademark Office cases.
I,2,24,,,"Subpoenas, witnesses."
I,2,25,,,Declaration in lieu of oath.
I,2,25(a),,,The Director may by rule prescribe that any document to be filed in the Patent and Trademark Office 
I,2,25(b),,,"Whenever such written declaration is used, the document must warn the declarant that willful false s"
I,2,26,,,Effect of defective execution.
I,2,27,,,Revival of applications; reinstatement of reexamination proceedings.
I,3,CHAPTER 3,,,PRACTICE BEFORE PATENT AND TRADEMARK OFFICE
I,3,31,p1,,[Repealed]
I,3,32,p2,,Suspension or exclusion from practice.
I,3,33,p3,,Unauthorized representation as practitioner.
I,3,31,,,[Repealed.]
I,3,32,,,Suspension or exclusion from practice.
I,3,33,,,Unauthorized representation as practitioner.
I,4,CHAPTER 4,,,PATENT FEES; FUNDING; SEARCH SYSTEMS
I,4,41,p1,,Patent fees; patent and trademark search systems.
I,4,42,p2,,Patent and Trademark Office funding.
I,4,41,,,Patent fees; patent and trademark search systems.
I,4,41(a),,,GENERAL FEES. — The Director shall charge the following fees:     (1) FILING AND BASIC NATIONAL FEES
I,4,41(b),,,MAINTENANCE FEES. —     (1) IN GENERAL.— The Director shall charge the following fees for maintainin
I,4,41(c),,,DELAYS IN PAYMENT OF MAINTENANCE FEES.—    (1) ACCEPTANCE.—The Director may accept the payment of an
I,4,41(d),,,PATENT SEARCH AND OTHER FEES. —    (1) PATENT SEARCH FEES. —     (A) IN GENERAL.— The Director shall
I,4,41(e),,,WAIVER OF FEES; COPIES REGARDING NOTICE.— The Director may waive the payment of any fee for any serv
I,4,41(f),,,ADJUSTMENT OF FEES.— The fees established in subsections (a) and (b) of this section may be adjusted
I,4,41(g),,,[Repealed.]
I,4,41(h),,,"FEES FOR SMALL ENTITIES.—     (1) REDUCTIONS IN FEES.— Subject to paragraph (3), fees charged under "
I,4,41(i),,,ELECTRONIC PATENT AND TRADEMARK DATA.—    (1) MAINTENANCE OF COLLECTIONS.— The Director shall mainta
I,4,42,,,Patent and Trademark Office funding.
I,4,42(a),,,All fees for services performed by or materials furnished by the Patent and Trademark Office will be
I,4,42(b),,,All fees paid to the Director and all appropriations for defraying the costs of the activities of th
I,4,42(c),,,"(1) To the extent and in the amounts provided in advance in appropriations Acts, fees authorized in "
I,4,42(d),,,The Director may refund any fee paid by mistake or any amount paid in excess of that required.
I,4,42(e),,,"The Secretary of Commerce shall, on the day each year on which the President submits the annual budg"
II,,PART II,,,PATENTABILITY OF INVENTIONS AND GRANT OF PATENTS
II,10,CHAPTER 10,,,PATENTABILITY OF INVENTIONS
II,10,100,p1,,(note) AIA First inventor to file provisions.
II,10,100,p2,,Definitions
II,10,100,p3,(pre-AIA),Definitions.
II,10,101,p4,,Inventions patentable.
II,10,102,p5,,Conditions for patentability; novelty.
II,10,102,p6,(pre-AIA),Conditions for patentability; novelty and loss of right to patent.
II,10,103,p7,,Conditions for patentability; non-obvious subject matter.
II,10,103,p8,(pre-AIA),Conditions for patentability; non-obvious subject matter.
II,10,104,p9,,[Repealed]
II,10,104,p10,(pre-AIA),Invention made abroad.
II,10,105,p11,,Inventions in outer space.
II,10,100,,,(note)  AIA First inventor to file provisions.
II,10,100,,,Definitions.
II,10,100,,(pre-AIA),Definitions.
II,10,101,,,Inventions patentable.
II,10,102,,,Conditions for patentability; novelty.
II,10,102,,(pre-AIA),Conditions for patentability; novelty and loss of right to patent.
II,10,103,,,Conditions for patentability; non-obvious subject matter.
II,10,103,,(pre-AIA),Conditions for patentability; non-obvious subject matter.
II,10,104,,,[Repealed.]
II,10,104,,(pre-AIA),Invention made abroad.
II,10,105,,,Inventions in outer space.
II,10,105(a),,,"Any invention made, used, or sold in outer space on a space object or component thereof under the ju"
II,10,105(b),,,"Any invention made, used, or sold in outer space on a space object or component thereof that is carr"
II,11,CHAPTER 11,,,APPLICATION FOR PATENT
II,11,111,p1,,Application.
II,11,111,p2,,Application.
II,11,111,p3,(pre-AIA),Application.
II,11,112,p4,(pre-PLT (AIA)),Specification.
II,11,112,p5,(pre-AIA),Specification.
II,11,113,p6,(pre-PLT (AIA)),Drawings.
II,11,114,p7,(pre-PLT (AIA)),"Models, specimens."
II,11,115,p8,(pre-PLT (AIA)),Inventor's oath or declaration.
II,11,115,p9,(pre-AIA),Oath of applicant.
II,11,116,p10,(pre-PLT (AIA)),Inventors.
II,11,116,p11,(pre-AIA),Inventors.
II,11,117,p12,(pre-PLT (AIA)),Death or incapacity of inventor.
II,11,118,p13,(pre-PLT (AIA)),Filing by other than inventor.
II,11,118,p14,(pre-AIA),Filing by other than inventor.
II,11,119,p15,(pre-PLT (AIA)),Benefit of earlier filing date; right of priority.
II,11,119,p16,(pre-AIA),Benefit of earlier filing date; right of priority.
II,11,120,p17,(pre-PLT (AIA)),Benefit of earlier filing date in the United States.
II,11,120,p18,(pre-AIA),Benefit of earlier filing date in the United States.
II,11,121,p19,(pre-PLT (AIA)),Divisional applications.
II,11,121,p20,(pre-AIA),Divisional applications.
II,11,122,p21,(pre-PLT (AIA)),Confidential status of applications; publication of patent applications.
II,11,123,p22,(pre-PLT (AIA)),Micro entity defined.
II,11,111,,,Application.
II,11,111,,(pre-PLT (AIA)),Application.
II,11,111,,(pre-AIA),Application.
II,11,112,,,Specification.
II,11,112,,(pre-AIA),Specification.
II,11,113,,,Drawings.
II,11,114,,,"Models, specimens."
II,11,115,,,Inventor’s oath or declaration.
II,11,115,,(pre-AIA),Oath of applicant.
II,11,116,,,Inventors.
II,11,116,,(pre-AIA),Inventors.
II,11,117,,,Death or incapacity of inventor.
II,11,118,,,Filing by other than inventor.
II,11,118,,(pre-AIA),Filing by other than inventor.
II,11,119,,,Benefit of earlier filing date; right of priority.
II,11,119,,(pre-AIA),Benefit of earlier filing date; right of priority.
II,11,120,,,Benefit of earlier filing date in the United States.
II,11,120,,(pre-AIA),Benefit of earlier filing date in the United States.
II,11,121,,,Divisional applications.
II,11,121,,(pre-AIA),Divisional applications.
II,11,122,,,Confidential status of applications; publication of patent applications.
II,11,122(a),,,"CONFIDENTIALITY.— Except as provided in subsection (b), applications for patents shall be kept in co"
II,11,122(b),,,"PUBLICATION.—     (1) IN GENERAL.—     (A) Subject to paragraph (2), each application for a patent s"
II,11,122(c),,,PROTEST AND PRE-ISSUANCE OPPOSITION.— The Director shall establish appropriate procedures to ensure 
II,11,122(d),,,NATIONAL SECURITY.— No application for patent shall be published under subsection (b)(1) if the publ
II,11,122(e),,,PREISSUANCE SUBMISSIONS BY THIRD PARTIES.—    (1) IN GENERAL.—Any third party may submit for conside
II,11,123,,,Micro entity defined.
II,11,123(a),,,"IN GENERAL.—For purposes of this title, the term ""micro entity"" means an applicant who makes a certi"
II,11,123(b),,,APPLICATIONS RESULTING FROM PRIOR EMPLOYMENT.—An applicant is not considered to be named on a previo
II,11,123(c),,,FOREIGN CURRENCY EXCHANGE RATE.—If an applicant’s or entity’s gross income in the preceding calendar
II,11,123(d),,,"INSTITUTIONS OF HIGHER EDUCATION.—For purposes of this section, a micro entity shall include an appl"
II,11,123(e),,,"DIRECTOR’S AUTHORITY.—In addition to the limits imposed by this section, the Director may, in the Di"
II,12,CHAPTER 12,,,EXAMINATION OF APPLICATION
II,12,131,p1,,Examination of application.
II,12,132,p2,,Notice of rejection; reexamination.
II,12,133,p3,,Time for prosecuting application.
II,12,134,p4,,Appeal to the Patent Trial and Appeal Board.
II,12,134,p5,,Appeal to the Board of Patent Appeals and Interferences.
II,12,134,p6,(pre-AIA),Appeal to the Board of Patent Appeals and Interferences.
II,12,135,p7,(transitional),Derivation proceedings.
II,12,135,p8,(pre-AIA),Interferences.
II,12,131,,,Examination of application.
II,12,132,,,Notice of rejection; reexamination.
II,12,132(a),,,"Whenever, on examination, any claim for a patent is rejected, or any objection or requirement made, "
II,12,132(b),,,The Director shall prescribe regulations to provide for the continued examination of applications fo
II,12,133,,,Time for prosecuting application.
II,12,134,,,Appeal to the Patent Trial and Appeal Board.
II,12,134,,(transitional),(transitional)  Appeal to the Board of Patent Appeals and Interferences.
II,12,134,,(pre-AIA),Appeal to the Board of Patent Appeals and Interferences.
II,12,135,,,Derivation proceedings.
II,12,135,,(pre-AIA),Interferences.
II,13,CHAPTER 13,,,REVIEW OF PATENT AND TRADEMARK OFFICE DECISION
II,13,141,p1,(pre-AIA),Appeal to Court of Appeals for the Federal Circuit.
II,13,141,p2,(pre-AIA),Appeal to Court of Appeals for the Federal Circuit.
II,13,142,p3,(pre-AIA),Notice of appeal.
II,13,143,p4,(pre-AIA),Proceedings on appeal.
II,13,143,p5,(pre-AIA),Proceedings on appeal.
II,13,144,p6,(pre-AIA),Decision on appeal.
II,13,145,p7,(pre-AIA),Civil action to obtain patent.
II,13,145,p8,(pre-AIA),Civil action to obtain patent.
II,13,146,p9,(pre-AIA),Civil action in case of derivation proceeding.
II,13,146,p10,(pre-AIA),Civil action in case of interference.
II,13,141,,,Appeal to Court of Appeals for the Federal Circuit.
II,13,141,,(pre-AIA),Appeal to the Court of Appeals for the Federal Circuit.
II,13,142,,,Notice of appeal.
II,13,143,,,Proceedings on appeal.
II,13,143,,(pre-AIA),Proceedings on appeal.
II,13,144,,,Decision on appeal.
II,13,145,,,Civil action to obtain patent.
II,13,145,,(pre-AIA),Civil action to obtain patent.
II,13,146,,,Civil action in case of derivation proceeding.
II,13,146,,(pre-AIA),Civil action in case of interference.
II,14,CHAPTER 14,,,ISSUE OF PATENT
II,14,151,p1,(pre-AIA),Issue of patent.
II,14,152,p2,(pre-AIA),Issue of patent to assignee.
II,14,153,p3,(pre-AIA),How issued.
II,14,154,p4,(pre-AIA),Contents and term of patent; provisional rights.
II,14,154,p5,(pre-AIA),Contents and term of patent; provisional rights.
II,14,155,p6,(pre-AIA),[Repealed.]
II,14,155,p7,(pre-AIA),155A [Repealed.]
II,14,156,p8,(pre-AIA),Extension of patent term.
II,14,157,p9,(pre-AIA),[Repealed.]
II,14,157,p10,(pre-AIA),Statutory invention registration.
II,14,151,,,Issue of patent.
II,14,152,,,Issue of patent to assignee.
II,14,153,,,How issued.
II,14,154,,,Contents and term of patent; provisional rights.
II,14,154,,(pre-AIA),Contents and term of patent; provisional rights.
II,14,155,,,[Repealed.]
II,14,156,,,Extension of patent term.
II,14,156(a),,,"The term of a patent which claims a product, a method of using a product, or a method of manufacturi"
II,14,156(b),,,"Except as provided in subsection (d)(5)(F), the rights derived from any patent the term of which is "
II,14,156(c),,,The term of a patent eligible for extension under subsection (a) shall be extended by the time equal
II,14,156(d),,,"(1) To obtain an extension of the term of a patent under this section, the owner of record of the pa"
II,14,156(e),,,(1) A determination that a patent is eligible for extension may be made by the Director solely on th
II,14,156(f),,,"For purposes of this section:    (1) The term ""product"" means:    (A) A drug product.    (B) Any med"
II,14,156(g),,,"For purposes of this section, the term ""regulatory review period"" has the following meanings:    (1)"
II,14,156(h),,,The Director may establish such fees as the Director determines appropriate to cover the costs to th
II,14,157,,,[Repealed.]
II,14,157,,(pre-AIA),Statutory invention registration.
II,15,CHAPTER 15,,,PLANT PATENTS
II,15,161,p1,(pre-AIA),Patents for plants.
II,15,162,p2,(pre-AIA),"Description, claim."
II,15,163,p3,(pre-AIA),Grant.
II,15,164,p4,(pre-AIA),Assistance of the Department of Agriculture.
II,15,161,,,Patents for plants.
II,15,162,,,"Description, claim."
II,15,163,,,Grant.
II,15,164,,,Assistance of the Department of Agriculture.
II,16,CHAPTER 16,,,DESIGNS
II,16,171,p1,,Patents for designs.
II,16,172,p2,,Right of priority.
II,16,172,p3,(pre-AIA),Right of priority.
II,16,173,p4,,Term of design patent.
II,16,171,,,Patents for designs.
II,16,171(a),,,"IN GENERAL.—Whoever invents any new, original, and ornamental design for an article of manufacture m"
II,16,171(b),,,APPLICABILITY OF THIS TITLE.—The provisions of this title relating to patents for inventions shall a
II,16,171(c),,,FILING DATE.—The filing date of an application for patent for design shall be the date on which the 
II,16,172,,,Right of priority.
II,16,172,,(pre-AIA),Right of priority.
II,16,173,,,Term of design patent.
II,17,CHAPTER 17,,,SECRECY OF CERTAIN INVENTIONS AND FILING APPLICATIONS IN FOREIGN COUNTRIES
II,17,181,p1,,Secrecy of certain inventions and withholding of patent.
II,17,182,p2,,Abandonment of invention for unauthorized disclosure.
II,17,183,p3,,Right to compensation.
II,17,184,p4,,Filing of application in foreign country.
II,17,184,p5,(pre-AIA),Filing of application in foreign country.
II,17,185,p6,,Patent barred for filing without license.
II,17,185,p7,(pre-AIA),Patent barred for filing without license.
II,17,186,p8,,Penalty.
II,17,187,p9,,Nonapplicability to certain persons.
II,17,188,p10,,"Rules and regulations, delegation of power."
II,17,181,,,Secrecy of certain inventions and withholding of patent.
II,17,182,,,Abandonment of invention for unauthorized disclosure.
II,17,183,,,Right to compensation.
II,17,184,,,Filing of application in foreign country.
II,17,184,,(pre-AIA),Filing of application in foreign country.
II,17,185,,,Patent barred for filing without license.
II,17,185,,(pre-AIA),Patent barred for filing without license.
II,17,186,,,Penalty.
II,17,187,,,Nonapplicability to certain persons.
II,17,188,,,"Rules and regulations, delegation of power."
II,18,CHAPTER 18,,,PATENT RIGHTS IN INVENTIONS MADE WITH FEDERAL ASSISTANCE
II,18,200,p1,,Policy and objective.
II,18,201,p2,,Definitions.
II,18,202,p3,,Disposition of rights.
II,18,202,p4,(pre-AIA),Disposition of rights.
II,18,203,p5,,March-in rights.
II,18,204,p6,,Preference for United States industry.
II,18,205,p7,,Confidentiality.
II,18,206,p8,,Uniform clauses and regulations.
II,18,207,p9,,Domestic and foreign protection of federally owned inventions.
II,18,208,p10,,Regulations governing Federal licensing.
II,18,209,p11,,Licensing federally owned inventions.
II,18,210,p12,,Precedence of chapter.
II,18,211,p13,,Relationship to antitrust laws.
II,18,212,p14,,Disposition of rights in educational awards.
II,18,200,,,Policy and objective.
II,18,201,,,Definitions.
II,18,202,,,Disposition of rights.
II,18,202,,(pre-AIA),Disposition of rights.
II,18,203,,,March-in rights.
II,18,203(a),,,With respect to any subject invention in which a small business firm or nonprofit organization has a
II,18,203(b),,,A determination pursuant to this section or section 202(b)(4)  shall not be subject to chapter 71 of
II,18,204,,,Preference for United States industry.
II,18,205,,,Confidentiality.
II,18,206,,,Uniform clauses and regulations.
II,18,207,,,Domestic and foreign protection of federally owned inventions.
II,18,207(a),,,"Each Federal agency is authorized to —    (1) apply for, obtain, and maintain patents or other forms"
II,18,207(b),,,"For the purpose of assuring the effective management of Government-owned inventions, the Secretary o"
II,18,208,,,Regulations governing Federal licensing.
II,18,209,,,Licensing federally owned inventions.
II,18,209(a),,,AUTHORITY.—A Federal agency may grant an exclusive or partially exclusive license on a federally own
II,18,209(b),,,MANUFACTURE IN UNITED STATES.—A Federal agency shall normally grant a license under section 207(a)(2
II,18,209(c),,,SMALL BUSINESS.—First preference for the granting of any exclusive or partially exclusive licenses u
II,18,209(d),,,TERMS AND CONDITIONS.—Any licenses granted under section 207(a)(2)  shall contain such terms and con
II,18,209(e),,,PUBLIC NOTICE.—No exclusive or partially exclusive license may be granted under section 207(a)(2) un
II,18,209(f),,,PLAN.—No Federal agency shall grant any license under a patent or patent application on a federally 
II,18,210,,,Precedence of chapter.
II,18,210(a),,,This chapter shall take precedence over any other Act which would require a disposition of rights in
II,18,210(b),,,Nothing in this chapter is intended to alter the effect of the laws cited in paragraph (a) of this s
II,18,210(c),,,Nothing in this chapter is intended to limit the authority of agencies to agree to the disposition o
II,18,210(d),,,Nothing in this chapter shall be construed to require the disclosure of intelligence sources or meth
II,18,210(e),,,The provisions of the Stevenson-Wydler Technology Innovation Act of 1980 shall take precedence over 
II,18,211,,,Relationship to antitrust laws.
II,18,212,,,Disposition of rights in educational awards.
III,,PART III,,,PATENTS AND PROTECTION OF PATENT RIGHTS
III,25,CHAPTER 25,,,AMENDMENT AND CORRECTION OF PATENTS
III,25,251,p1,,Reissue of defective patents.
III,25,251,p2,(pre-AIA),Reissue of defective patents.
III,25,252,p3,,Effect of reissue.
III,25,253,p4,,Disclaimer.
III,25,253,p5,(pre-AIA),Disclaimer.
III,25,254,p6,,Certificate of correction of Patent and Trademark Office mistake.
III,25,255,p7,,Certificate of correction of applicant’s mistake.
III,25,256,p8,,Correction of named inventor.
III,25,256,p9,(pre-AIA),Correction of named inventor.
III,25,257,p10,,"Supplemental examinations to consider, reconsider, or correct information."
III,25,251,,,Reissue of defective patents.
III,25,251,,(pre-AIA),Reissue of defective patents.
III,25,252,,,Effect of reissue.
III,25,253,,,Disclaimer.
III,25,253,,(pre-AIA),Disclaimer.
III,25,254,,,Certificate of correction of Patent and Trademark Office mistake.
III,25,255,,,Certificate of correction of applicant’s mistake.
III,25,256,,,Correction of named inventor.
III,25,256,,(pre-AIA),Correction of named inventor.
III,25,257,,,"Supplemental examinations to consider, reconsider, or correct information."
III,25,257(a),,,REQUEST FOR SUPPLEMENTAL EXAMINATION.—A patent owner may request supplemental examination of a paten
III,25,257(b),,,REEXAMINATION ORDERED.—If the certificate issued under subsection (a) indicates that a substantial n
III,25,257(c),,,EFFECT.—     (1) IN GENERAL.—A patent shall not be held unenforceable on the basis of conduct relati
III,25,257(d),,,"FEES AND REGULATIONS.—     (1) FEES.—The Director shall, by regulation, establish fees for the submi"
III,25,257(e),,,"FRAUD.—If the Director becomes aware, during the course of a supplemental examination or reexaminati"
III,25,257(f),,,RULE OF CONSTRUCTION.—Nothing in this section shall be construed—     (1) to preclude the imposition
III,26,CHAPTER 26,,,OWNERSHIP AND ASSIGNMENT
III,26,261,p1,,Ownership; assignment.
III,26,262,p2,,Joint owners.
III,26,261,,,Ownership; assignment.
III,26,262,,,Joint owners.
III,27,CHAPTER 27,,,GOVERNMENT INTERESTS IN PATENTS
III,27,266,p1,,[Repealed.]
III,27,267,p2,,Time for taking action in Government applications.
III,27,266,,,[Repealed.]
III,27,267,,,Time for taking action in Government applications.
III,28,CHAPTER 28,,,INFRINGEMENT OF PATENTS
III,28,271,p1,,Infringement of patent.
III,28,272,p2,,Temporary presence in the United States.
III,28,273,p3,,Defense to infringement based on prior commercial use.
III,28,271,,,Infringement of patent.
III,28,271(a),,,"Except as otherwise provided in this title, whoever without authority makes, uses, offers to sell, o"
III,28,271(b),,,Whoever actively induces infringement of a patent shall be liable as an infringer.
III,28,271(c),,,Whoever offers to sell or sells within the United States or imports into the United States a compone
III,28,271(d),,,No patent owner otherwise entitled to relief for infringement or contributory infringement of a pate
III,28,271(e),,,"(1) It shall not be an act of infringement to make, use, offer to sell, or sell within the United St"
III,28,271(f),,,(1) Whoever without authority supplies or causes to be supplied in or from the United States all or 
III,28,271(g),,,"Whoever without authority imports into the United States or offers to sell, sells, or uses within th"
III,28,271(h),,,"As used in this section, the term ""whoever"" includes any State, any instrumentality of a State, any "
III,28,271(i),,,"As used in this section, an ""offer for sale"" or an ""offer to sell"" by a person other than the patent"
III,28,272,,,Temporary presence in the United States.
III,28,273,,,Defense to infringement based on prior commercial use.
III,28,273(a),,,IN GENERAL.—A person shall be entitled to a defense under section 282(b)  with respect to subject ma
III,28,273(b),,,BURDEN OF PROOF.—A person asserting a defense under this section shall have the burden of establishi
III,28,273(c),,,ADDITIONAL COMMERCIAL USES.—    (1) PREMARKETING REGULATORY REVIEW.— Subject matter for which commer
III,28,273(d),,,"EXHAUSTION OF RIGHTS.—Notwithstanding subsection (e)(1), the sale or other disposition of a useful e"
III,28,273(e),,,LIMITATIONS AND EXCEPTIONS.—    (1) PERSONAL DEFENSE.—    (A) IN GENERAL.—A defense under this secti
III,28,273(f),,,UNREASONABLE ASSERTION OF DEFENSE.—If the defense under this section is pleaded by a person who is f
III,28,273(g),,,INVALIDITY.—A patent shall not be deemed to be invalid under section 102  or 103  solely because a d
III,29,CHAPTER 29,,,"REMEDIES FOR INFRINGEMENT OF PATENT, AND OTHER ACTIONS"
III,29,281,p1,,Remedy for infringement of patent.
III,29,282,p2,,Presumption of validity; defenses.
III,29,283,p3,,Injunction.
III,29,284,p4,,Damages.
III,29,285,p5,,Attorney fees.
III,29,286,p6,,Time limitation on damages.
III,29,287,p7,,Limitation on damages and other remedies; marking and notice.
III,29,288,p8,,Action for infringement of a patent containing an invalid claim.
III,29,288,p9,(pre-AIA),Action for infringement of a patent containing an invalid claim.
III,29,289,p10,,Additional remedy for infringement of design patent.
III,29,290,p11,,Notice of patent suits.
III,29,291,p12,,Derived patents.
III,29,291,p13,(pre-AIA),Interfering patents.
III,29,292,p14,,False marking.
III,29,293,p15,,Nonresident patentee; service and notice.
III,29,294,p16,,Voluntary arbitration.
III,29,295,p17,,Presumptions: Product made by patented process.
III,29,296,p18,,"Liability of States, instrumentalities of States, and State officials for infringement of patents."
III,29,297,p19,,Improper and deceptive invention promotion.
III,29,298,p20,,Advice of counsel.
III,29,299,p21,,Joinder of parties.
III,29,281,,,Remedy for infringement of patent.
III,29,282,,,Presumption of validity; defenses.
III,29,282(a),,,"IN GENERAL.—A patent shall be presumed valid. Each claim of a patent (whether in independent, depend"
III,29,282(b),,,DEFENSES.—The following shall be defenses in any action involving the validity or infringement of a 
III,29,282(c),,,NOTICE OF ACTIONS; ACTIONS DURING EXTENSION OF PATENT TERM.— In an action involving the validity or 
III,29,283,,,Injunction.
III,29,284,,,Damages.
III,29,285,,,Attorney fees.
III,29,286,,,Time limitation on damages.
III,29,287,,,Limitation on damages and other remedies; marking and notice.
III,29,287(a),,,"Patentees, and persons making, offering for sale, or selling within the United States any patented a"
III,29,287(b),,,(1) An infringer under section 271(g)  shall be subject to all the provisions of this title relating
III,29,287(c),,,(1) With respect to a medical practitioner’s performance of a medical activity that constitutes an i
III,29,288,,,Action for infringement of a patent containing an invalid claim.
III,29,288,,(pre-AIA),Action for infringement of a patent containing an invalid claim.
III,29,289,,,Additional remedy for infringement of design patent.
III,29,290,,,Notice of patent suits.
III,29,291,,,Derived Patents.
III,29,291,,(pre-AIA),Interfering patents.
III,29,292,,,False marking.
III,29,292(a),,,"Whoever, without the consent of the patentee, marks upon, or affixes to, or uses in advertising in c"
III,29,292(b),,,A person who has suffered a competitive injury as a result of a violation of this section may file a
III,29,292(c),,,"The marking of a product, in a manner described in subsection (a), with matter relating to a patent "
III,29,293,,,Nonresident patentee; service and notice.
III,29,294,,,Voluntary arbitration.
III,29,294(a),,,A contract involving a patent or any right under a patent may contain a provision requiring arbitrat
III,29,294(b),,,"Arbitration of such disputes, awards by arbitrators, and confirmation of awards shall be governed by"
III,29,294(c),,,An award by an arbitrator shall be final and binding between the parties to the arbitration but shal
III,29,294(d),,,"When an award is made by an arbitrator, the patentee, his assignee or licensee shall give notice the"
III,29,294(e),,,The award shall be unenforceable until the notice required by subsection (d) is received by the Dire
III,29,295,,,Presumption: Product made by patented process.
III,29,296,,,"Liability of States, instrumentalities of States, and State officials for infringement of patents."
III,29,296(a),,,"IN GENERAL.—Any State, any instrumentality of a State, and any officer or employee of a State or ins"
III,29,296(b),,,"REMEDIES.—In a suit described in subsection (a) for a violation described in that subsection, remedi"
III,29,297,,,Improper and deceptive invention promotion.
III,29,297(a),,,IN GENERAL.— An invention promoter shall have a duty to disclose the following information to a cust
III,29,297(b),,,CIVIL ACTION.—     (1) Any customer who enters into a contract with an invention promoter and who is
III,29,297(c),,,"DEFINITIONS.— For purposes of this section—     (1) a ""contract for invention promotion services"" me"
III,29,297(d),,,RECORDS OF COMPLAINTS.—     (1) RELEASE OF COMPLAINTS.— The Commissioner of Patents shall make all c
III,29,298,,,Advice of counsel.
III,29,299,,,Joinder of parties.
III,29,299(a),,,JOINDER OF ACCUSED INFRINGERS.—With respect to any civil action arising under any Act of Congress re
III,29,299(b),,,"ALLEGATIONS INSUFFICIENT FOR JOINDER.— For purposes of this subsection, accused infringers may not b"
III,29,299(c),,,WAIVER.—A party that is an accused infringer may waive the limitations set forth in this section wit
III,30,CHAPTER 30,,,PRIOR ART CITATIONS TO OFFICE AND EX PARTE REEXAMINATION OF PATENTS
III,30,301,p1,,Citation of prior art and written statements.
III,30,302,p2,,Request for reexamination.
III,30,303,p3,,Determination of issue by Director.
III,30,304,p4,,Reexamination order by Director.
III,30,305,p5,,Conduct of reexamination proceedings.
III,30,305,p6,(pre-AIA),Conduct of reexamination proceedings.
III,30,306,p7,,Appeal.
III,30,307,p8,,"Certificate of patentability, unpatentability, and claim cancellation."
III,30,301,,,Citation of prior art and written statements.
III,30,301(a),,,IN GENERAL.—Any person at any time may cite to the Office in writing—     (1) prior art consisting o
III,30,301(b),,,OFFICIAL FILE.—If the person citing prior art or written statements pursuant to subsection (a) expla
III,30,301(c),,,ADDITIONAL INFORMATION.—A party that submits a written statement pursuant to subsection (a)(2) shall
III,30,301(d),,,"LIMITATIONS.—A written statement submitted pursuant to subsection (a)(2), and additional information"
III,30,301(e),,,CONFIDENTIALITY.—Upon the written request of the person citing prior art or written statements pursu
III,30,302,,,Request for reexamination.
III,30,303,,,Determination of issue by Director.
III,30,303(a),,,Within three months following the filing of a request for reexamination under the provisions of sect
III,30,303(b),,,A record of the Director’s determination under subsection (a) of this section will be placed in the 
III,30,303(c),,,A determination by the Director pursuant to subsection (a) of this section that no substantial new q
III,30,304,,,Reexamination order by Director.
III,30,305,,,Conduct of reexamination proceedings.
III,30,305,,(pre-AIA),Conduct of reexamination proceedings.
III,30,306,,,Appeal.
III,30,307,,,"Certificate of patentability, unpatentability, and claim cancellation."
III,30,307(a),,,"In a reexamination proceeding under this chapter, when the time for appeal has expired or any appeal"
III,30,307(b),,,Any proposed amended or new claim determined to be patentable and incorporated into a patent followi
III,31,CHAPTER 31,,,INTER PARTES REVIEW
III,31,311,p1,,(note) Inter partes review applicability provisions.
III,31,311,p2,,Inter partes review.
III,31,312,p3,,Petitions.
III,31,313,p4,,Preliminary response to petition.
III,31,314,p5,,Institution of inter partes review.
III,31,315,p6,,Relation to other proceedings or actions.
III,31,316,p7,,Conduct of inter partes review.
III,31,317,p8,,Settlement.
III,31,318,p9,,Decision of the Board.
III,31,319,p10,,Appeal.
III,31,311,,,(note)  Inter partes review applicability provisions.
III,31,311,,,Inter partes review.
III,31,311(a),,,"IN GENERAL.—Subject to the provisions of this chapter, a person who is not the owner of a patent may"
III,31,311(b),,,SCOPE.—A petitioner in an inter partes review may request to cancel as unpatentable 1 or more claims
III,31,311(c),,,FILING DEADLINE.*—A petition for inter partes review shall be filed after the later of either—     (
III,31,312,,,Petitions.
III,31,312(a),,,REQUIREMENTS OF PETITION.—A petition filed under section 311  may be considered only if—     (1) the
III,31,312(b),,,"PUBLIC AVAILABILITY.—As soon as practicable after the receipt of a petition under section 311, the D"
III,31,313,,,Preliminary response to petition.
III,31,314,,,Institution of inter partes review.
III,31,314(a),,,THRESHOLD.—The Director may not authorize an inter partes review to be instituted unless the Directo
III,31,314(b),,,TIMING.—The Director shall determine whether to institute an inter partes review under this chapter 
III,31,314(c),,,"NOTICE.—The Director shall notify the petitioner and patent owner, in writing, of the Director’s det"
III,31,314(d),,,NO APPEAL.—The determination by the Director whether to institute an inter partes review under this 
III,31,315,,,Relation to other proceedings or actions.
III,31,315(a),,,INFRINGER’S CIVIL ACTION.—     (1) INTER PARTES REVIEW BARRED BY CIVIL ACTION.—An inter partes revie
III,31,315(b),,,PATENT OWNER’S ACTION.—An inter partes review may not be instituted if the petition requesting the p
III,31,315(c),,,"JOINDER.—If the Director institutes an inter partes review, the Director, in his or her discretion, "
III,31,315(d),,,"MULTIPLE PROCEEDINGS.—Notwithstanding sections 135(a)  , 251, and 252, and chapter 30, during the pe"
III,31,315(e),,,ESTOPPEL.—     (1) PROCEEDINGS BEFORE THE OFFICE.—The petitioner in an inter partes review of a clai
III,31,316,,,Conduct of inter partes review.
III,31,316(a),,,REGULATIONS.—The Director shall prescribe regulations—     (1) providing that the file of any procee
III,31,316(b),,,"CONSIDERATIONS.—In prescribing regulations under this section, the Director shall consider the effec"
III,31,316(c),,,"PATENT TRIAL AND APPEAL BOARD.—The Patent Trial and Appeal Board shall, in accordance with section 6"
III,31,316(d),,,AMENDMENT OF THE PATENT.—    (1) IN GENERAL.—During an inter partes review instituted under this cha
III,31,316(e),,,"EVIDENTIARY STANDARDS.—In an inter partes review instituted under this chapter, the petitioner shall"
III,31,317,,,Settlement.
III,31,317(a),,,IN GENERAL.—An inter partes review instituted under this chapter shall be terminated with respect to
III,31,317(b),,,"AGREEMENTS IN WRITING.—Any agreement or understanding between the patent owner and a petitioner, inc"
III,31,318,,,Decision of the Board.
III,31,318(a),,,FINAL WRITTEN DECISION.—If an inter partes review is instituted and not dismissed under this chapter
III,31,318(b),,,CERTIFICATE.—If the Patent Trial and Appeal Board issues a final written decision under subsection (
III,31,318(c),,,INTERVENING RIGHTS.—Any proposed amended or new claim determined to be patentable and incorporated i
III,31,318(d),,,DATA ON LENGTH OF REVIEW.—The Office shall make available to the public data describing the length o
III,31,319,,,Appeal.
III,31 (pre‑AIA),CHAPTER 31 (pre‑AIA),,,OPTIONAL INTER PARTES REEXAMINATION PROCEDURES
III,31 (pre‑AIA),311,p1,(pre-AIA),Request for inter partes reexamination.
III,31 (pre‑AIA),312,p2,,Determination of issue by Director.
III,31 (pre‑AIA),313,p3,(transitional),Inter partes reexamination order by Director.
III,31 (pre‑AIA),314,p4,(pre-AIA),Conduct of inter partes reexamination proceedings.
III,31 (pre‑AIA),315,p5,(pre-AIA),Appeal.
III,31 (pre‑AIA),316,p6,(pre-AIA),"Certificate of patentability, unpatentability, and claim cancellation."
III,31 (pre‑AIA),317,p7,(pre-AIA),Inter partes reexamination prohibited.
III,31 (pre‑AIA),318,p8,(pre-AIA),Stay of litigation.
III,31 (pre‑AIA),311,,(pre-AIA),Request for inter partes reexamination.
III,31 (pre‑AIA),312,,(transitional),(transitional)  Determination of issue by Director.
III,31 (pre‑AIA),313,,(transitional),Inter partes reexamination order by Director.
III,31 (pre‑AIA),314,,(pre-AIA),Conduct of inter partes reexamination proceedings.
III,31 (pre‑AIA),315,,(pre-AIA),Appeal.
III,31 (pre‑AIA),316,,(pre-AIA),"Certificate of patentability, unpatentability and claim cancellation."
III,31 (pre‑AIA),317,,(pre-AIA),Inter partes reexamination prohibited.
III,31 (pre‑AIA),318,,(pre-AIA),Stay of litigation.
III,32,CHAPTER 32,,,POST-GRANT REVIEW
III,32,321,p1,(pre-AIA),(note) Post-grant review applicability.
III,32,321,p2,(pre-AIA),Post-grant review.
III,32,322,p3,(pre-AIA),Petitions.
III,32,323,p4,(pre-AIA),Preliminary response to petition.
III,32,324,p5,(pre-AIA),Institution of post-grant review.
III,32,325,p6,(pre-AIA),Relation to other proceedings or actions.
III,32,326,p7,(pre-AIA),Conduct of post-grant review.
III,32,327,p8,(pre-AIA),Settlement.
III,32,328,p9,(pre-AIA),Decision of the Board.
III,32,329,p10,(pre-AIA),Appeal.
III,32,321,,,(note)  Post-grant review applicability.
III,32,321(1),,,APPLICABILITY.—     (A) The post-grant review provisions of the Leahy-Smith America Invents Act (AIA
III,32,32(2),,,"PENDING INTERFERENCES.—     (A) PROCEDURES IN GENERAL.—The Director shall determine, and include in "
III,32,321,,,Post-grant review.
III,32,321(a),,,"IN GENERAL.—Subject to the provisions of this chapter, a person who is not the owner of a patent may"
III,32,321(b),,,SCOPE.—A petitioner in a post-grant review may request to cancel as unpatentable 1 or more claims of
III,32,321(c),,,FILING DEADLINE.—A petition for a post-grant review may only be filed not later than the date that i
III,32,322,,,Petitions.
III,32,322(a),,,REQUIREMENTS OF PETITION.—A petition filed under section 321  may be considered only if—     (1) the
III,32,322(b),,,"PUBLIC AVAILABILITY.—As soon as practicable after the receipt of a petition under section 321, the D"
III,32,323,,,Preliminary response to petition.
III,32,324,,,Institution of post-grant review.
III,32,324(a),,,THRESHOLD.—The Director may not authorize a post-grant review to be instituted unless the Director d
III,32,324(b),,,ADDITIONAL GROUNDS.—The determination required under subsection (a) may also be satisfied by a showi
III,32,324(c),,,TIMING.—The Director shall determine whether to institute a post-grant review under this chapter pur
III,32,324(d),,,"NOTICE.—The Director shall notify the petitioner and patent owner, in writing, of the Director’s det"
III,32,324(e),,,NO APPEAL.—The determination by the Director whether to institute a post-grant review under this sec
III,32,325,,,Relation to other proceedings or actions.
III,32,325(a),,,INFRINGER’S CIVIL ACTION.—    (1) POST-GRANT REVIEW BARRED BY CIVIL ACTION.—A post-grant review may 
III,32,325(b),,,PRELIMINARY INJUNCTIONS.—If a civil action alleging infringement of a patent is filed within 3 month
III,32,325(c),,,JOINDER.—If more than 1 petition for a post-grant review under this chapter is properly filed agains
III,32,325(d),,,"MULTIPLE PROCEEDINGS.—Notwithstanding sections 135(a)  , 251, and 252, and chapter 30, during the pe"
III,32,325(e),,,ESTOPPEL.—     (1) PROCEEDINGS BEFORE THE OFFICE.—The petitioner in a post-grant review of a claim i
III,32,325(f),,,REISSUE PATENTS.—A post-grant review may not be instituted under this chapter if the petition reques
III,32,326,,,Conduct of post-grant review.
III,32,326(a),,,REGULATIONS.—The Director shall prescribe regulations—    (1) providing that the file of any proceed
III,32,326(b),,,"CONSIDERATIONS.—In prescribing regulations under this section, the Director shall consider the effec"
III,32,326(c),,,"PATENT TRIAL AND APPEAL BOARD.—The Patent Trial and Appeal Board shall, in accordance with section 6"
III,32,326(d),,,AMENDMENT OF THE PATENT.—    (1) IN GENERAL.—During a post-grant review instituted under this chapte
III,32,326(e),,,"EVIDENTIARY STANDARDS.—In a post-grant review instituted under this chapter, the petitioner shall ha"
III,32,327,,,Settlement.
III,32,327(a),,,IN GENERAL.—A post-grant review instituted under this chapter shall be terminated with respect to an
III,32,327(b),,,"AGREEMENTS IN WRITING.—Any agreement or understanding between the patent owner and a petitioner, inc"
III,32,328,,,Decision of the Board.
III,32,328(a),,,"FINAL WRITTEN DECISION.—If a post-grant review is instituted and not dismissed under this chapter, t"
III,32,328(b),,,CERTIFICATE.—If the Patent Trial and Appeal Board issues a final written decision under subsection (
III,32,328(c),,,INTERVENING RIGHTS.—Any proposed amended or new claim determined to be patentable and incorporated i
III,32,328(d),,,DATA ON LENGTH OF REVIEW.—The Office shall make available to the public data describing the length o
III,32,329,,,Appeal.
IV,,PART IV,,,PATENT COOPERATION TREATY
IV,35,CHAPTER 35,,,DEFINITIONS
IV,35,351,p1,,Definitions.
IV,35,351,,,Definitions.
IV,36,CHAPTER 36,,,INTERNATIONAL STAGE
IV,36,361,p1,,Receiving Office.
IV,36,362,p2,,International Searching Authority and International Preliminary Examining Authority.
IV,36,363,p3,,International application designating the United States: Effect.
IV,36,363,p4,(pre-AIA),International application designating the United States: Effect.
IV,36,364,p5,,International stage: Procedure.
IV,36,365,p6,,Right of priority; benefit of the filing date of a prior application.
IV,36,366,p7,,Withdrawn international application.
IV,36,367,p8,,Actions of other authorities: Review.
IV,36,368,p9,,Secrecy of certain inventions; filing international applications in foreign countries.
IV,36,361,,,Receiving Office.
IV,36,361(a),,,The Patent and Trademark Office shall act as a Receiving Office for international applications filed
IV,36,361(b),,,The Patent and Trademark Office shall perform all acts connected with the discharge of duties requir
IV,36,361(c),,,International applications filed in the Patent and Trademark Office shall be filed in the English la
IV,36,361(d),,,"The international fee, and the transmittal and search fees prescribed under section 376(a)  of this "
IV,36,362,,,International Searching Authority and International Preliminary Examining Authority.
IV,36,362(a),,,The Patent and Trademark Office may act as an International Searching Authority and International Pr
IV,36,362(b),,,"The handling fee, preliminary examination fee, and any additional fees due for international prelimi"
IV,36,363,,,International application designating the United States: Effect.
IV,36,363,,(pre-AIA),International application designating the United States: Effect.
IV,36,364,,,International stage: Procedure.
IV,36,364(a),,,International applications shall be processed by the Patent and Trademark Office when acting as a Re
IV,36,364(b),,,An applicant’s failure to act within prescribed time limits in connection with requirements pertaini
IV,36,365,,,Right of priority; benefit of the filing date of a prior application.
IV,36,365(a),,,"In accordance with the conditions and requirements of subsections (a) through (d) of section 119, a "
IV,36,365(b),,,In accordance with the conditions and requirements of section 119(a)  and the treaty and the Regulat
IV,36,365(c),,,"In accordance with the conditions and requirements of section 120, an international application desi"
IV,36,366,,,Withdrawn international application.
IV,36,367,,,Actions of other authorities: Review.
IV,36,367(a),,,Where a Receiving Office other than the Patent and Trademark Office has refused to accord an interna
IV,36,367(b),,,"The review under subsection (a) of this section, subject to the same requirements and conditions, ma"
IV,36,368,,,Secrecy of certain inventions; filing international applications in foreign countries.
IV,36,368(a),,,International applications filed in the Patent and Trademark Office shall be subject to the provisio
IV,36,368(b),,,"In accordance with article 27  (8) of the treaty, the filing of an international application in a co"
IV,36,368(c),,,If a license to file in a foreign country is refused or if an international application is ordered t
IV,37,CHAPTER 37,,,NATIONAL STAGE
IV,37,371,p1,,National stage: Commencement.
IV,37,372,p2,,National stage: Requirements and procedure.
IV,37,373,p3,,[Repealed]
IV,37,374,p4,,Publication of international application: Effect.
IV,37,374,p5,(pre-AIA),Publication of international application: Effect.
IV,37,375,p6,,Patent issued on international application: Effect.
IV,37,375,p7,(pre-AIA),Patent issued on international application: Effect.
IV,37,376,p8,,Fees.
IV,37,371,,,National stage: Commencement.
IV,37,371(a),,,Receipt from the International Bureau of copies of international applications with any amendments to
IV,37,371(b),,,"Subject to subsection (f) of this section, the national stage shall commence with the expiration of "
IV,37,371(c),,,The applicant shall file in the Patent and Trademark Office—    (1) the national fee provided in sec
IV,37,371(d),,,"The requirement with respect to the national fee referred to in subsection (c)(1), the translation r"
IV,37,371(e),,,"After an international application has entered the national stage, no patent may be granted or refus"
IV,37,371(f),,,"At the express request of the applicant, the national stage of processing may be commenced at any ti"
IV,37,372,,,National stage: Requirements and procedure.
IV,37,372(a),,,"All questions of substance and, within the scope of the requirements of the treaty and Regulations, "
IV,37,372(b),,,"In case of international applications designating but not originating in, the United States—    (1) "
IV,37,373,,,[Repealed.]
IV,37,374,,,Publication of international application.
IV,37,374,,(pre-AIA),Publication of international application.
IV,37,375,,,Patent issued on international application: Effect.
IV,37,375,,(pre-AIA),Patent issued on international application: Effect.
IV,37,376,,,Fees.
IV,37,376(a),,,"The required payment of the international fee and the handling fee, which amounts are specified in t"
IV,37,376(b),,,"The amounts of fees specified in subsection (a) of this section, except the international fee and th"
V,,PART V,,,THE HAGUE AGREEMENT CONCERNING INTERNATIONAL REGISTRATION OF INDUSTRIAL DESIGNS
V,38,CHAPTER 38,,,INTERNATIONAL DESIGN APPLICATIONS
V,38,381,p1,,Definitions.
V,38,382,p2,,Filing international design applications.
V,38,383,p3,,International design application.
V,38,384,p4,,Filing date.
V,38,385,p5,,Effect of international design application.
V,38,386,p6,,Right of priority.
V,38,387,p7,,Relief from prescribed time limits.
V,38,388,p8,,Withdrawn or abandoned international design application.
V,38,389,p9,,Examination of international design application.
V,38,390,p10,,Publication of international design application.
V,38,381,,,Definitions.
V,38,381(a),,,"IN GENERAL.—When used in this part, unless the context otherwise indicates—    (1) the term ""treaty"""
V,38,381(b),,,RULE OF CONSTRUCTION.—Terms and expressions not defined in this part are to be taken in the sense in
V,38,382,,,Filing international design applications.
V,38,382(a),,,"IN GENERAL.—Any person who is a national of the United States, or has a domicile, a habitual residen"
V,38,382(b),,,REQUIRED ACTION.—The Patent and Trademark Office shall perform all acts connected with the discharge
V,38,382(c),,,"APPLICABILITY OF CHAPTER 16.—Except as otherwise provided in this chapter, the provisions of chapter"
V,38,382(d),,,APPLICATION FILED IN ANOTHER COUNTRY.—An international design application on an industrial design ma
V,38,383,,,International design application.
V,38,383,p1,,"In addition to any requirements pursuant to chapter 16, the international design application shall c"
V,38,384,,,Filing date.
V,38,384(a),,,"IN GENERAL.—Subject to subsection (b), the filing date of an international design application in the"
V,38,384(b),,,REVIEW.—An applicant may request review by the Director of the filing date of the international desi
V,38,385,,,Effect of international design application.
V,38,386,,,Right of priority.
V,38,386(a),,,NATIONAL APPLICATION.—In accordance with the conditions and requirements of subsections (a)  through
V,38,386(b),,,PRIOR FOREIGN APPLICATION.—In accordance with the conditions and requirements of subsections (a)  th
V,38,386(c),,,"PRIOR NATIONAL APPLICATION.—In accordance with the conditions and requirements of section 120, an in"
V,38,387,,,Relief from prescribed time limits.
V,38,388,,,Withdrawn or abandoned international design application.
V,38,389,,,Examination of international design application.
V,38,389(a),,,IN GENERAL.—The Director shall cause an examination to be made pursuant to this title of an internat
V,38,389(b),,,"APPLICABILITY OF CHAPTER 16.—All questions of substance and, unless otherwise required by the treaty"
V,38,389(c),,,"FEES.—The Director may prescribe fees for filing international design applications, for designating "
V,38,389(d),,,ISSUANCE OF PATENT.—The Director may issue a patent based on an international design application des
V,38,390,,,Publication of international design application.
V,38,"SELECT PROVISIONS OF TITLE 18, UNITED STATES CODE",,,
V,38,18,p1,,U.S.C. 1001 Statements or entries generally.
V,38,18,p2,,"U.S.C. 2071 Concealment, removal, or mutilation generally."
V,38,1001,,,Statements or entries generally.
V,38,1001(a),,,"Except as otherwise provided in this section, whoever, in any matter within the jurisdiction of the "
V,38,1001(b),,,"Subsection (a) does not apply to a party to a judicial proceeding, or that party’s counsel, for stat"
V,38,1001(c),,,"With respect to any matter within the jurisdiction of the legislative branch, subsection (a) shall a"
V,38,2071,,,"Concealment, removal, or mutilation generally."
V,38,2071(a),,,"Whoever willfully and unlawfully conceals, removes, mutilates, obliterates, or destroys, or attempts"
V,38,2071(b),,,"Whoever, having the custody of any such record, proceeding, map, book, document, paper, or other thi"
V,38,SELECT UNCODIFIED AIA PROVISIONS,,,
V,38,2071(b),p1,,AIA § 14 Tax strategies deemed within the prior art.
V,38,2071(b),p2,,AIA § 18 Transitional program for covered business method patents.
V,38,2071(b),p3,,AIA § 33 Limitation on issuance of patents.
V,38,(a),,,"IN GENERAL.—For purposes of evaluating an invention under section 102  or 103  of title 35, United S"
V,38,(b),,,"DEFINITION.—For purposes of this section, the term ‘‘tax liability’’ refers to any liability for a t"
V,38,(c),,,"EXCLUSIONS.—This section does not apply to that part of an invention that—     (1) is a method, appa"
V,38,(d),,,RULE OF CONSTRUCTION.—Nothing in this section shall be construed to imply that other business method
V,38,(e),,,"EFFECTIVE DATE; APPLICABILITY.—This section shall take effect on [Sept. 16, 2011] and shall apply to"
V,38,(a),,,"TRANSITIONAL PROGRAM.—     (1) ESTABLISHMENT.—Not later than Sept. 16, 2012, the Director shall issu"
V,38,(b),,,REQUEST FOR STAY.—    (1) IN GENERAL.—If a party seeks a stay of a civil action alleging infringemen
V,38,(c),,,"ATM EXEMPTION FOR VENUE PURPOSES.—In an action for infringement under section 281  of title 35, Unit"
V,38,(d),,,"DEFINITION.—     (1) IN GENERAL.—For purposes of this section, the term ‘‘covered business method pa"
V,38,(e),,,RULE OF CONSTRUCTION.—Nothing in this section shall be construed as amending or interpreting categor
V,38,(a),,,"LIMITATION.—Notwithstanding any other provision of law, no patent may issue on a claim directed to o"
V,38,(b),,,EFFECTIVE DATE.—     (1) IN GENERAL.— Subsection (a) shall apply to any application for patent that 
